fdc_id,description,data_type,query_term,protein_g,fat_g,carbs_g,calories
2710186,Olive oil,Survey (FNDDS),olive oil,0.0,100.0,0.0,900.0
2375518,OLIVE OIL,Branded,olive oil,0.0,93.3,0.0,867.0
1905976,OLIVE OIL,Branded,olive oil,0.0,93.3,0.0,800.0
2073857,OLIVE OIL,Branded,olive oil,0.0,42.9,7.14,429.0
2055340,OLIVE OIL,Branded,olive oil,0.0,93.3,0.0,800.0
1908628,OLIVE OIL,Branded,olive oil,0.0,93.3,0.0,800.0
493787,OLIVE OIL,Branded,olive oil,0.0,93.3,0.0,800.0
496830,OLIVE OIL,Branded,olive oil,0.0,93.3,0.0,800.0
500853,OLIVE OIL,Branded,olive oil,0.0,93.3,0.0,800.0
2102340,OLIVE OIL,Branded,olive oil,0.0,93.3,0.0,800.0
2084071,OLIVE OIL,Branded,olive oil,0.0,93.3,0.0,800.0
1582039,OLIVE OIL,Branded,olive oil,0.0,93.3,0.0,800.0
1582077,OLIVE OIL,Branded,olive oil,0.0,93.3,0.0,800.0
2040111,OLIVE OIL,Branded,olive oil,0.0,93.3,0.0,800.0
577489,OLIVE OIL,Branded,olive oil,0.0,93.3,0.0,800.0
2085103,OLIVE OIL,Branded,olive oil,0.0,93.3,0.0,800.0
2084295,OLIVE OIL,Branded,olive oil,0.0,93.3,0.0,800.0
2084572,OLIVE OIL,Branded,olive oil,0.0,93.3,0.0,800.0
1664567,OLIVE OIL,Branded,olive oil,0.0,100.0,0.0,857.0
2282486,OLIVE OIL,Branded,olive oil,0.0,93.3,0.0,800.0
2590888,OLIVE OIL,Branded,olive oil,0.0,93.3,0.0,800.0
2054201,OLIVE OIL,Branded,olive oil,0.0,93.3,0.0,800.0
2404869,OLIVE OIL,Branded,olive oil,0.0,93.3,0.0,800.0
2057934,OLIVE OIL,Branded,olive oil,0.0,93.3,0.0,800.0
413450,OLIVE OIL,Branded,olive oil,0.0,93.3,0.0,800.0
414159,OLIVE OIL,Branded,olive oil,0.0,93.3,0.0,800.0
1589038,OLIVE OIL,Branded,olive oil,0.0,93.3,0.0,800.0
1590705,OLIVE OIL,Branded,olive oil,0.0,93.3,0.0,800.0
2084569,OLIVE OIL,Branded,olive oil,0.0,93.3,0.0,800.0
2107449,OLIVE OIL,Branded,olive oil,0.0,93.3,0.0,800.0
579267,OLIVE OIL,Branded,olive oil,0.0,93.3,0.0,800.0
2417388,OLIVE OIL,Branded,olive oil,0.0,93.3,0.0,800.0
2542326,OLIVE OIL,Branded,olive oil,0.0,93.3,0.0,800.0
1921362,OLIVE OIL,Branded,olive oil,0.0,93.3,0.0,800.0
2068275,OLIVE OIL,Branded,olive oil,0.0,93.3,0.0,800.0
2124706,OLIVE OIL,Branded,olive oil,0.0,93.3,0.0,800.0
2131816,OLIVE OIL,Branded,olive oil,0.0,93.3,0.0,867.0
410984,OLIVE OIL,Branded,olive oil,0.0,93.3,0.0,800.0
2666162,OLIVE OIL,Branded,olive oil,0.0,93.3,0.0,800.0
1587081,OLIVE OIL,Branded,olive oil,0.0,93.3,0.0,800.0
2147736,OLIVE OIL,Branded,olive oil,0.0,93.3,0.0,867.0
2113701,OLIVE OIL,Branded,olive oil,0.0,93.3,0.0,800.0
2072940,OLIVE OIL,Branded,olive oil,0.0,100.0,0.0,900.0
2054181,OLIVE OIL,Branded,olive oil,0.0,93.3,0.0,800.0
453958,OLIVE OIL,Branded,olive oil,0.0,93.3,0.0,867.0
491444,OLIVE OIL,Branded,olive oil,0.0,93.3,0.0,800.0
498386,OLIVE OIL,Branded,olive oil,0.0,93.3,0.0,800.0
1589628,OLIVE OIL,Branded,olive oil,0.0,93.3,0.0,800.0
2500301,OLIVE OIL,Branded,olive oil,0.0,93.3,0.0,800.0
2084567,OLIVE OIL,Branded,olive oil,0.0,93.3,0.0,867.0
577939,OLIVE OIL,Branded,olive oil,0.0,93.3,0.0,800.0
578743,OLIVE OIL,Branded,olive oil,0.0,93.3,0.0,800.0
579271,OLIVE OIL,Branded,olive oil,0.0,93.3,0.0,800.0
2655172,OLIVE OIL,Branded,olive oil,0.0,93.3,0.0,800.0
1852450,OLIVE OIL,Branded,olive oil,0.0,100.0,0.0,857.0
2054180,OLIVE OIL,Branded,olive oil,0.0,93.3,0.0,800.0
410986,OLIVE OIL,Branded,olive oil,0.0,93.3,0.0,800.0
2131848,OLIVE OIL,Branded,olive oil,0.0,93.3,0.0,867.0
2132971,OLIVE OIL,Branded,olive oil,0.0,93.3,0.0,800.0
2072614,OLIVE OIL,Branded,olive oil,0.0,93.3,0.0,800.0
2072689,OLIVE OIL,Branded,olive oil,0.0,93.3,0.0,800.0
2633596,OLIVE OIL,Branded,olive oil,0.0,93.3,0.0,800.0
475138,OLIVE OIL,Branded,olive oil,0.0,93.3,0.0,800.0
1514502,OLIVE OIL,Branded,olive oil,0.0,93.3,0.0,800.0
1582085,OLIVE OIL,Branded,olive oil,0.0,93.3,0.0,800.0
2083099,OLIVE OIL,Branded,olive oil,0.0,93.3,0.0,800.0
515164,OLIVE OIL,Branded,olive oil,0.0,93.3,0.0,800.0
1662034,OLIVE OIL,Branded,olive oil,0.0,93.3,0.0,800.0
1899506,OLIVE OIL,Branded,olive oil,0.0,93.3,0.0,800.0
2121188,OLIVE OIL,Branded,olive oil,0.0,93.3,0.0,800.0
1588271,OLIVE OIL,Branded,olive oil,0.0,93.3,0.0,800.0
2084294,OLIVE OIL,Branded,olive oil,0.0,93.3,0.0,800.0
2710188,Canola oil,Survey (FNDDS),canola oil,0.0,100.0,0.0,900.0
172336,"Oil, canola",SR Legacy,canola oil,0.0,100.0,0.0,884.0
169867,"Oil, corn and canola",SR Legacy,canola oil,0.0,100.0,0.0,884.0
171042,"Oil, industrial, canola, high oleic",SR Legacy,canola oil,0.0,100.0,0.0,900.0
172360,"Oil, industrial, canola (partially hydrogenated) oil for deep fat frying",SR Legacy,canola oil,0.0,100.0,0.0,884.0
167605,"Potatoes, hash brown, refrigerated, prepared, pan-fried in canola oil",SR Legacy,canola oil,3.24,10.3,34.0,242.0
171033,"Oil, vegetable, Natreon canola, high stability, non trans, high oleic (70%)",SR Legacy,canola oil,0.0,100.0,0.0,884.0
170044,"Potatoes, hash brown, frozen, plain, prepared, pan fried in canola oil",SR Legacy,canola oil,2.65,11.6,28.5,219.0
169777,"Spanish rice mix, dry mix, prepared (with canola/vegetable oil blend or diced tomatoes and margarine)",SR Legacy,canola oil,3.27,2.38,22.7,125.0
2710183,Corn oil,Survey (FNDDS),canola oil,0.0,100.0,0.0,900.0
2710181,Almond oil,Survey (FNDDS),canola oil,0.0,100.0,0.0,884.0
2710182,Coconut oil,Survey (FNDDS),canola oil,0.0,99.1,0.84,895.0
2710184,Cottonseed oil,Survey (FNDDS),canola oil,0.0,100.0,0.0,884.0
2710185,Flaxseed oil,Survey (FNDDS),canola oil,0.11,99.98,0.0,884.0
173573,"Oil, avocado",SR Legacy,canola oil,0.0,100.0,0.0,884.0
171412,"Oil, coconut",SR Legacy,canola oil,0.0,99.1,0.0,892.0
330458,"Oil, coconut",Foundation,canola oil,0.0,99.1,0.84,833.0
172337,"Oil, mustard",SR Legacy,canola oil,0.0,100.0,0.0,884.0
2710187,Peanut oil,Survey (FNDDS),canola oil,0.0,100.0,0.0,900.0
2710189,Safflower oil,Survey (FNDDS),canola oil,0.0,100.0,0.0,900.0
2710190,Sesame oil,Survey (FNDDS),canola oil,0.0,100.0,0.0,884.0
2710191,Soybean oil,Survey (FNDDS),canola oil,0.0,100.0,0.0,900.0
2710192,Sunflower oil,Survey (FNDDS),canola oil,0.0,100.0,0.0,900.0
2710193,Walnut oil,Survey (FNDDS),canola oil,0.0,100.0,0.0,884.0
2710180,"Vegetable oil, NFS",Survey (FNDDS),canola oil,0.0,100.0,0.0,900.0
172340,"Fish oil, herring",SR Legacy,canola oil,0.0,100.0,0.0,902.0
172341,"Fish oil, menhaden",SR Legacy,canola oil,0.0,100.0,0.0,902.0
172343,"Fish oil, salmon",SR Legacy,canola oil,0.0,100.0,0.0,902.0
173578,"Fish oil, sardine",SR Legacy,canola oil,0.0,100.0,0.0,902.0
2709559,"Plantain, cooked with oil",Survey (FNDDS),canola oil,1.26,3.24,30.87,144.0
2710194,Wheat germ oil,Survey (FNDDS),canola oil,0.0,100.0,0.0,884.0
173577,"Fish oil, cod liver",SR Legacy,canola oil,0.0,100.0,0.0,902.0
167737,"Oil, corn, peanut, and olive",SR Legacy,canola oil,0.0,100.0,0.0,884.0
167702,"Oil, flaxseed, cold pressed",SR Legacy,canola oil,0.11,100.0,0.0,884.0
171410,"Oil, peanut, salad or cooking",SR Legacy,canola oil,0.0,100.0,0.0,884.0
171411,"Oil, soybean, salad or cooking",SR Legacy,canola oil,0.0,100.0,0.0,884.0
172370,"Oil, vegetable, soybean, refined",SR Legacy,canola oil,0.0,100.0,0.0,884.0
2709845,"Asparagus, canned, cooked with oil",Survey (FNDDS),canola oil,2.08,3.54,2.39,45.0
2403784,VEGETABLE OIL,Branded,vegetable oil,0.0,100.0,0.0,857.0
2403788,VEGETABLE OIL,Branded,vegetable oil,0.0,100.0,0.0,857.0
2099815,VEGETABLE OIL,Branded,vegetable oil,0.0,100.0,0.0,857.0
2378944,VEGETABLE OIL,Branded,vegetable oil,0.0,93.3,0.0,800.0
2055160,VEGETABLE OIL,Branded,vegetable oil,0.0,100.0,0.0,857.0
1856156,VEGETABLE OIL,Branded,vegetable oil,0.0,100.0,0.0,857.0
2409972,VEGETABLE OIL,Branded,vegetable oil,0.0,100.0,0.0,857.0
2250816,VEGETABLE OIL,Branded,vegetable oil,0.0,100.0,0.0,857.0
2382313,VEGETABLE OIL,Branded,vegetable oil,0.0,100.0,0.0,857.0
2240473,VEGETABLE OIL,Branded,vegetable oil,0.0,100.0,0.0,857.0
2115026,VEGETABLE OIL,Branded,vegetable oil,0.0,100.0,0.0,857.0
2306893,VEGETABLE OIL,Branded,vegetable oil,0.0,100.0,0.0,857.0
2314301,VEGETABLE OIL,Branded,vegetable oil,0.0,100.0,0.0,857.0
616402,VEGETABLE OIL,Branded,vegetable oil,0.0,100.0,0.0,857.0
1860858,VEGETABLE OIL,Branded,vegetable oil,0.0,100.0,0.0,857.0
1860921,VEGETABLE OIL,Branded,vegetable oil,0.0,100.0,0.0,857.0
2671308,VEGETABLE OIL,Branded,vegetable oil,0.0,93.3,0.0,867.0
2326892,VEGETABLE OIL,Branded,vegetable oil,0.0,100.0,0.0,857.0
2654277,VEGETABLE OIL,Branded,vegetable oil,0.0,93.3,0.0,800.0
2273724,VEGETABLE OIL,Branded,vegetable oil,0.0,100.0,0.0,857.0
2021554,VEGETABLE OIL,Branded,vegetable oil,0.0,100.0,0.0,857.0
2455121,VEGETABLE OIL,Branded,vegetable oil,0.0,100.0,0.0,857.0
2022777,VEGETABLE OIL,Branded,vegetable oil,0.0,100.0,0.0,857.0
2508578,VEGETABLE OIL,Branded,vegetable oil,0.0,100.0,0.0,857.0
2118747,VEGETABLE OIL,Branded,vegetable oil,0.0,100.0,0.0,857.0
2192261,VEGETABLE OIL,Branded,vegetable oil,0.0,100.0,0.0,857.0
2507452,VEGETABLE OIL,Branded,vegetable oil,0.0,100.0,0.0,857.0
2023464,VEGETABLE OIL,Branded,vegetable oil,0.0,100.0,0.0,857.0
1123984,VEGETABLE OIL,Branded,vegetable oil,0.0,93.3,0.0,800.0
1815387,VEGETABLE OIL,Branded,vegetable oil,0.0,100.0,0.0,857.0
2288237,VEGETABLE OIL,Branded,vegetable oil,0.0,100.0,0.0,857.0
1996633,VEGETABLE OIL,Branded,vegetable oil,0.0,100.0,0.0,857.0
1996599,VEGETABLE OIL,Branded,vegetable oil,0.0,100.0,0.0,857.0
2239119,VEGETABLE OIL,Branded,vegetable oil,0.0,100.0,0.0,857.0
2055162,VEGETABLE OIL,Branded,vegetable oil,0.0,100.0,0.0,857.0
2056020,VEGETABLE OIL,Branded,vegetable oil,0.0,100.0,0.0,857.0
2636252,VEGETABLE OIL,Branded,vegetable oil,0.0,100.0,0.0,857.0
2133030,VEGETABLE OIL,Branded,vegetable oil,0.0,100.0,0.0,929.0
2409406,VEGETABLE OIL,Branded,vegetable oil,0.0,100.0,0.0,857.0
2413805,VEGETABLE OIL,Branded,vegetable oil,0.0,100.0,0.0,857.0
2014859,VEGETABLE OIL,Branded,vegetable oil,0.0,100.0,0.0,857.0
2385206,VEGETABLE OIL,Branded,vegetable oil,0.0,100.0,0.0,857.0
2641965,VEGETABLE OIL,Branded,vegetable oil,0.0,100.0,0.0,857.0
2410023,VEGETABLE OIL,Branded,vegetable oil,0.0,100.0,0.0,857.0
2039798,VEGETABLE OIL,Branded,vegetable oil,0.0,100.0,0.0,929.0
2502042,VEGETABLE OIL,Branded,vegetable oil,0.0,100.0,0.0,857.0
2545624,VEGETABLE OIL,Branded,vegetable oil,0.0,100.0,0.0,857.0
2144698,VEGETABLE OIL,Branded,vegetable oil,0.0,100.0,0.0,857.0
2022714,VEGETABLE OIL,Branded,vegetable oil,0.0,100.0,0.0,857.0
2426216,VEGETABLE OIL,Branded,vegetable oil,0.0,100.0,0.0,857.0
2399262,VEGETABLE OIL,Branded,vegetable oil,0.0,100.0,0.0,857.0
1970778,VEGETABLE OIL,Branded,vegetable oil,0.0,100.0,0.0,857.0
2095719,VEGETABLE OIL,Branded,vegetable oil,0.0,100.0,0.0,857.0
2433321,VEGETABLE OIL,Branded,vegetable oil,0.0,100.0,0.0,857.0
2240492,VEGETABLE OIL,Branded,vegetable oil,0.0,100.0,0.0,857.0
2056211,VEGETABLE OIL,Branded,vegetable oil,0.0,100.0,0.0,857.0
2072749,VEGETABLE OIL,Branded,vegetable oil,0.0,100.0,0.0,857.0
2437029,VEGETABLE OIL,Branded,vegetable oil,0.0,100.0,0.0,857.0
2251382,VEGETABLE OIL,Branded,vegetable oil,0.0,100.0,0.0,857.0
1890179,VEGETABLE OIL,Branded,vegetable oil,0.0,100.0,0.0,857.0
1914462,VEGETABLE OIL,Branded,vegetable oil,0.0,92.0,0.0,828.0
1996632,VEGETABLE OIL,Branded,vegetable oil,0.0,100.0,0.0,857.0
1906046,VEGETABLE OIL,Branded,vegetable oil,0.0,100.0,0.0,857.0
2413808,VEGETABLE OIL,Branded,vegetable oil,0.0,100.0,0.0,857.0
2642012,VEGETABLE OIL,Branded,vegetable oil,0.0,100.0,0.0,857.0
1923905,VEGETABLE OIL,Branded,vegetable oil,0.0,100.0,0.0,857.0
2152562,VEGETABLE OIL,Branded,vegetable oil,0.0,100.0,0.0,929.0
2152558,VEGETABLE OIL,Branded,vegetable oil,0.0,100.0,0.0,929.0
2327350,VEGETABLE OIL,Branded,vegetable oil,0.0,100.0,0.0,867.0
2414810,VEGETABLE OIL,Branded,vegetable oil,0.0,100.0,0.0,857.0
2016717,VEGETABLE OIL,Branded,vegetable oil,0.0,100.0,0.0,857.0
2114608,VEGETABLE OIL,Branded,vegetable oil,0.0,100.0,0.0,857.0
2114619,VEGETABLE OIL,Branded,vegetable oil,0.0,100.0,0.0,857.0
2115028,VEGETABLE OIL,Branded,vegetable oil,0.0,100.0,0.0,857.0
2125999,AVOCADO OIL,Branded,avocado oil,0.0,93.3,0.0,800.0
2158377,AVOCADO OIL,Branded,avocado oil,0.0,93.3,0.0,800.0
2170923,AVOCADO OIL,Branded,avocado oil,0.0,93.3,0.0,867.0
2133976,AVOCADO OIL,Branded,avocado oil,0.0,93.3,0.0,800.0
1857558,AVOCADO OIL,Branded,avocado oil,0.0,93.3,0.0,800.0
1919401,AVOCADO OIL,Branded,avocado oil,0.0,93.3,0.0,800.0
2576212,AVOCADO OIL,Branded,avocado oil,0.0,93.3,0.0,867.0
2022929,AVOCADO OIL,Branded,avocado oil,0.0,93.3,0.0,867.0
2218974,AVOCADO OIL,Branded,avocado oil,0.0,93.3,0.0,800.0
2313424,AVOCADO OIL,Branded,avocado oil,0.0,100.0,0.0,886.0
2145309,AVOCADO OIL,Branded,avocado oil,0.0,93.3,0.0,867.0
2628597,AVOCADO OIL,Branded,avocado oil,0.0,93.3,0.0,867.0
2086239,AVOCADO OIL,Branded,avocado oil,0.0,90.0,0.0,900.0
2612032,AVOCADO OIL,Branded,avocado oil,0.0,100.0,0.0,929.0
2194712,AVOCADO OIL,Branded,avocado oil,0.0,93.3,0.0,867.0
2587879,AVOCADO OIL,Branded,avocado oil,0.0,100.0,0.0,857.0
2194964,AVOCADO OIL,Branded,avocado oil,0.0,93.3,0.0,867.0
2166173,AVOCADO OIL,Branded,avocado oil,0.0,93.3,0.0,800.0
2134315,AVOCADO OIL,Branded,avocado oil,0.0,93.3,0.0,867.0
1947135,AVOCADO OIL,Branded,avocado oil,0.0,93.3,0.0,800.0
2158376,AVOCADO OIL,Branded,avocado oil,0.0,93.3,0.0,800.0
2178045,AVOCADO OIL,Branded,avocado oil,0.0,93.3,0.0,867.0
2653132,AVOCADO OIL,Branded,avocado oil,0.0,93.3,0.0,800.0
2543069,AVOCADO OIL,Branded,avocado oil,0.0,100.0,0.0,857.0
2543220,AVOCADO OIL,Branded,avocado oil,0.0,93.3,0.0,867.0
2628595,AVOCADO OIL,Branded,avocado oil,0.0,93.3,0.0,867.0
2157869,AVOCADO OIL,Branded,avocado oil,0.0,93.3,0.0,800.0
2166959,AVOCADO OIL,Branded,avocado oil,0.0,93.3,0.0,867.0
2296051,AVOCADO OIL,Branded,avocado oil,0.0,100.0,0.0,929.0
2375735,AVOCADO OIL,Branded,avocado oil,0.0,93.3,0.0,867.0
2244987,AVOCADO OIL,Branded,avocado oil,0.0,93.3,0.0,800.0
2173218,AVOCADO OIL,Branded,avocado oil,0.0,93.3,0.0,800.0
2324037,AVOCADO OIL,Branded,avocado oil,0.0,93.3,0.0,867.0
1911060,AVOCADO OIL,Branded,avocado oil,0.0,93.3,0.0,800.0
2664666,AVOCADO OIL,Branded,avocado oil,0.0,93.3,0.0,800.0
2104210,AVOCADO OIL,Branded,avocado oil,0.0,93.3,0.0,800.0
2386213,AVOCADO OIL,Branded,avocado oil,0.0,100.0,0.0,929.0
2278928,AVOCADO OIL,Branded,avocado oil,0.0,93.3,0.0,867.0
2628596,AVOCADO OIL,Branded,avocado oil,0.0,93.3,0.0,867.0
2450064,AVOCADO OIL,Branded,avocado oil,0.0,93.3,0.0,867.0
2425887,AVOCADO OIL,Branded,avocado oil,0.0,93.3,0.0,800.0
2632140,AVOCADO OIL,Branded,avocado oil,0.0,93.3,0.0,800.0
2710208,Avocado dressing,Survey (FNDDS),avocado oil,1.9,43.33,7.36,427.0
2709223,"Avocado, raw",Survey (FNDDS),avocado oil,2.0,14.66,8.53,160.0
2710248,"Avocado, for use on a sandwich",Survey (FNDDS),avocado oil,2.0,14.66,8.53,160.0
171706,"Avocados, raw, California",SR Legacy,avocado oil,1.96,15.4,8.64,697.0
171707,"Avocados, raw, Florida",SR Legacy,avocado oil,2.23,10.1,7.82,120.0
2708960,"Sushi roll, avocado",Survey (FNDDS),avocado oil,1.8,1.47,17.65,93.0
2278396,"AVOCADO OIL, AVOCADO",Branded,avocado oil,0.0,100.0,0.0,929.0
2416280,"AVOCADO OIL SPRAY, AVOCADO OIL",Branded,avocado oil,0.0,100.0,0.0,1000.0
2676068,"MAYO WITH AVOCADO OIL, AVOCADO OIL",Branded,avocado oil,0.0,28.6,7.14,286.0
2676069,"MAYO WITH AVOCADO OIL, AVOCADO OIL",Branded,avocado oil,0.0,32.1,7.14,321.0
171705,"Avocados, raw, all commercial varieties",SR Legacy,avocado oil,2.0,14.7,8.53,160.0
2590022,"AVOCADO OIL CAESAR DRESSING, AVOCADO OIL",Branded,avocado oil,0.0,33.3,6.67,333.0
2213922,"AVOCADO OIL COOKING SPRAY, AVOCADO OIL",Branded,avocado oil,0.0,0.0,0.0,0.0
2366529,"AVOCADO OIL COOKING SPRAY, AVOCADO OIL",Branded,avocado oil,0.0,0.0,0.0,0.0
1987651,"AVOCADO OIL COOKING SPRAY, AVOCADO OIL",Branded,avocado oil,0.0,0.0,0.0,0.0
2118002,"AVOCADO OIL MAYONNAISE DRESSING, AVOCADO OIL",Branded,avocado oil,0.0,46.7,6.67,400.0
2117999,"AVOCADO OIL MAYONNAISE DRESSING, AVOCADO OIL",Branded,avocado oil,0.0,46.7,6.67,400.0
2268322,"AVOCADO OIL MAYONNAISE DRESSING, AVOCADO OIL",Branded,avocado oil,0.0,46.7,6.67,400.0
2321909,"MAYONNAISE MADE WITH AVOCADO OIL, AVOCADO OIL",Branded,avocado oil,0.0,76.9,0.0,692.0
2677635,"PLANT BUTTER WITH AVOCADO OIL, AVOCADO OIL",Branded,avocado oil,0.0,78.6,0.0,714.0
2463327,"PLANT BUTTER WITH AVOCADO OIL, AVOCADO OIL",Branded,avocado oil,0.0,78.6,0.0,714.0
2670011,"AVOCADO OIL SPRAY, AVOCADO",Branded,avocado oil,0.0,0.0,0.0,0.0
2498419,SESAME OIL,Branded,sesame oil,0.0,93.3,0.0,800.0
1585458,SESAME OIL,Branded,sesame oil,0.0,92.0,0.0,827.0
2639931,SESAME OIL,Branded,sesame oil,0.0,100.0,0.0,893.0
2018817,SESAME OIL,Branded,sesame oil,0.0,100.0,0.0,857.0
1857544,SESAME OIL,Branded,sesame oil,0.0,93.3,0.0,800.0
1911199,SESAME OIL,Branded,sesame oil,0.0,93.3,0.0,800.0
2665528,SESAME OIL,Branded,sesame oil,0.0,100.0,0.0,857.0
2710211,Sesame dressing,Survey (FNDDS),sesame oil,3.1,45.2,8.6,443.0
2706444,Sesame chicken,Survey (FNDDS),sesame oil,14.33,14.25,26.88,293.0
2707586,Sesame seeds,Survey (FNDDS),sesame oil,20.45,61.21,11.73,631.0
2710226,"Sesame dressing, light",Survey (FNDDS),sesame oil,0.39,6.68,9.99,102.0
168087,"Restaurant, Chinese, sesame chicken",SR Legacy,sesame oil,14.3,14.2,26.9,293.0
170192,"Seeds, sesame flour, high-fat",SR Legacy,sesame oil,30.8,37.1,26.6,526.0
170560,"Seeds, sesame flour, low-fat",SR Legacy,sesame oil,50.1,1.75,35.5,333.0
170153,"Seeds, sesame flour, partially defatted",SR Legacy,sesame oil,40.3,11.9,35.1,382.0
170561,"Seeds, sesame meal, partially defatted",SR Legacy,sesame oil,17.0,48.0,26.0,567.0
170150,"Seeds, sesame seeds, whole, dried",SR Legacy,sesame oil,17.7,49.7,23.4,573.0
1867384,"BEANCURD WITH SESAME OIL, SESAME OIL",Branded,sesame oil,8.33,8.33,0.0,108.0
171006,"Salad dressing, sesame seed dressing, regular",SR Legacy,sesame oil,3.1,45.2,8.6,443.0
169412,"Seeds, sesame seed kernels, dried (decorticated)",SR Legacy,sesame oil,20.4,61.2,11.7,631.0
170151,"Seeds, sesame seeds, whole, roasted and toasted",SR Legacy,sesame oil,17.0,48.0,25.7,565.0
168856,"Snacks, sesame sticks, wheat-based, salted",SR Legacy,sesame oil,10.9,36.7,46.5,541.0
170653,"Snacks, sesame sticks, wheat-based, unsalted",SR Legacy,sesame oil,10.9,36.7,46.5,541.0
171314,"Butter, Clarified butter (ghee)",SR Legacy,butter,0.0,100.0,0.0,900.0
2710302,Fruit butter,Survey (FNDDS),butter,0.39,0.3,42.47,173.0
2710156,"Butter, tub",Survey (FNDDS),butter,0.49,78.3,0.0,731.0
2710157,"Butter, light",Survey (FNDDS),butter,3.3,55.1,0.0,499.0
2707533,Almond butter,Survey (FNDDS),butter,20.67,52.72,21.11,641.0
2710154,"Butter, NFS",Survey (FNDDS),butter,0.85,82.2,0.06,743.0
2710155,"Butter, stick",Survey (FNDDS),butter,0.85,82.2,0.06,743.0
2707536,Cashew butter,Survey (FNDDS),butter,12.12,53.03,30.3,609.0
174987,"Croissants, butter",SR Legacy,butter,8.2,21.0,45.8,406.0
2710179,Honey butter,Survey (FNDDS),butter,0.53,33.85,48.5,485.0
2707537,Peanut butter,Survey (FNDDS),butter,22.21,51.36,22.31,598.0
2710170,Lemon-butter sauce,Survey (FNDDS),butter,0.8,74.0,0.74,671.0
2707952,"Cookie, peanut butter",Survey (FNDDS),butter,8.92,23.82,58.15,473.0
2710163,"Butter replacement, powder",Survey (FNDDS),butter,2.0,1.0,89.0,373.0
2707550,"Peanut butter sandwich, with regular peanut butter, on white bread",Survey (FNDDS),butter,13.88,20.21,39.85,382.0
2707551,"Peanut butter sandwich, with regular peanut butter, on wheat bread",Survey (FNDDS),butter,15.16,20.46,37.38,380.0
2708147,"Crackers, butter, flavored",Survey (FNDDS),butter,6.64,26.43,61.3,510.0
2710168,"Ghee, clarified butter",Survey (FNDDS),butter,0.28,99.48,0.0,876.0
2710161,"Butter replacement, liquid",Survey (FNDDS),butter,0.17,59.81,0.86,533.0
2708270,"Pretzels, soft, ready-to-eat, unsalted, buttered",Survey (FNDDS),unsalted butter,8.12,4.05,70.34,350.0
2708272,"Pretzels, soft, ready-to-eat, unsalted, no butter",Survey (FNDDS),unsalted butter,8.2,3.1,71.04,345.0
2707489,"Almonds, unsalted",Survey (FNDDS),unsalted butter,20.33,53.96,20.38,607.0
2707497,"Cashews, unsalted",Survey (FNDDS),unsalted butter,14.85,47.96,31.71,584.0
2707524,"Pecans, unsalted",Survey (FNDDS),unsalted butter,9.66,74.08,12.32,754.0
2707516,"Peanuts, roasted, unsalted",Survey (FNDDS),unsalted butter,28.03,52.5,15.26,599.0
2707530,"Pistachio nuts, unsalted",Survey (FNDDS),unsalted butter,20.42,47.44,27.43,582.0
2709438,"Potato chips, unsalted",Survey (FNDDS),unsalted butter,6.25,30.3,59.66,537.0
174790,"Pretzels, soft, unsalted",SR Legacy,unsalted butter,8.2,3.1,71.0,345.0
2707581,"Pumpkin seeds, unsalted",Survey (FNDDS),unsalted butter,29.84,49.05,14.71,574.0
2707508,"Mixed nuts, with peanuts, unsalted",Survey (FNDDS),unsalted butter,19.75,54.25,21.07,615.0
2707519,"Peanuts, dry roasted, unsalted",Survey (FNDDS),unsalted butter,24.35,49.66,21.26,587.0
2708251,"Pretzels, hard, plain, unsalted",Survey (FNDDS),unsalted butter,9.1,3.5,79.2,381.0
2707582,"Sunflower seeds, plain, unsalted",Survey (FNDDS),unsalted butter,19.33,49.8,24.07,582.0
2708211,"Tortilla chips, low fat, unsalted",Survey (FNDDS),unsalted butter,11.0,5.7,80.1,416.0
2707510,"Mixed nuts, without peanuts, unsalted",Survey (FNDDS),unsalted butter,16.45,55.95,22.18,625.0
2708279,"Pretzels, soft, from frozen, unsalted",Survey (FNDDS),unsalted butter,8.2,3.1,71.04,345.0
170246,"Snacks, popcorn, air-popped (Unsalted)",SR Legacy,unsalted butter,12.0,4.2,77.9,382.0
170649,"Snacks, potato chips, plain, unsalted",SR Legacy,unsalted butter,7.0,34.6,52.9,536.0
174783,"Snacks, sweet potato chips, unsalted",SR Legacy,unsalted butter,2.94,32.4,56.8,532.0
170654,"Snacks, trail mix, regular, unsalted",SR Legacy,unsalted butter,13.8,29.4,44.9,462.0
170254,"Snacks, tortilla chips, low fat, unsalted",SR Legacy,unsalted butter,11.0,5.7,80.1,416.0
172344,"Butter, light, stick, without salt",SR Legacy,salted butter,3.3,55.1,0.0,499.0
2708269,"Pretzels, soft, ready-to-eat, salted, buttered",Survey (FNDDS),salted butter,8.01,4.0,69.38,345.0
2708271,"Pretzels, soft, ready-to-eat, salted, no butter",Survey (FNDDS),salted butter,8.09,3.06,70.06,340.0
168597,"Nuts, cashew butter, plain, with salt added",SR Legacy,salted butter,12.1,53.0,30.3,609.0
172470,"Peanut butter, smooth style, without salt",SR Legacy,salted butter,22.2,51.4,22.3,598.0
170155,"Seeds, sunflower seed butter, without salt",SR Legacy,salted butter,17.3,55.2,23.3,617.0
170163,"Nuts, cashew butter, plain, without salt added",SR Legacy,salted butter,17.6,49.4,27.6,587.0
173580,"Margarine-like, vegetable oil-butter spread, tub, with salt",SR Legacy,salted butter,1.0,40.0,1.0,362.0
169053,"Margarine-like, vegetable oil-butter spread, reduced calorie, tub, with salt",SR Legacy,salted butter,1.0,50.0,1.0,1880.0
174266,"Peanut butter, smooth style, with salt (Includes foods for USDA's Food Distribution Program)",SR Legacy,salted butter,22.2,51.4,22.3,598.0
2707523,"Pecans, salted",Survey (FNDDS),salted butter,9.57,73.35,12.2,747.0
2707487,"Almonds, salted",Survey (FNDDS),salted butter,20.13,53.43,20.18,601.0
2707495,"Cashews, salted",Survey (FNDDS),salted butter,14.7,47.48,31.4,578.0
168595,"Seeds, sunflower seed butter, with salt added (Includes foods for USDA's Food Distribution Program)",SR Legacy,salted butter,17.3,55.2,23.3,617.0
173468,"Salt, table",SR Legacy,salted butter,0.0,0.0,0.0,0.0
2707528,"Pistachio nuts, salted",Survey (FNDDS),salted butter,20.22,46.98,27.16,576.0
2707515,"Peanuts, roasted, salted",Survey (FNDDS),salted butter,28.03,52.5,15.26,599.0
2707580,"Pumpkin seeds, salted",Survey (FNDDS),salted butter,29.49,48.47,14.54,567.0
2707488,"Almonds, lightly salted",Survey (FNDDS),salted butter,20.23,53.7,20.28,604.0
169891,"Cabbage, mustard, salted",SR Legacy,salted butter,1.1,0.1,5.63,116.0
2707496,"Cashews, lightly salted",Survey (FNDDS),salted butter,14.78,47.72,31.55,581.0
168149,"Fish, mackerel, salted",SR Legacy,salted butter,18.5,25.1,0.0,1280.0
2710166,Lard,Survey (FNDDS),lard,0.0,100.0,0.0,902.0
577716,LARD,Branded,lard,0.0,100.0,0.0,923.0
2116466,LARD,Branded,lard,0.0,100.0,0.0,923.0
2116460,LARD,Branded,lard,0.0,100.0,0.0,923.0
2421627,LARD,Branded,lard,23.1,100.0,0.0,923.0
2072120,LARD,Branded,lard,0.0,100.0,0.0,923.0
2427053,LARD,Branded,lard,0.0,100.0,0.0,923.0
2213539,LARD,Branded,lard,0.0,100.0,0.0,923.0
2679703,LARD,Branded,lard,0.0,100.0,0.0,923.0
2421629,LARD,Branded,lard,0.0,100.0,0.0,923.0
167655,"Frybread, made with lard (Apache)",SR Legacy,lard,8.38,10.1,46.0,1290.0
167635,"Frybread, made with lard (Navajo)",SR Legacy,lard,6.69,12.2,48.3,330.0
2707608,"Bread, lard, Puerto Rican style",Survey (FNDDS),lard,7.33,3.26,56.1,282.0
173566,"Shortening industrial, lard and vegetable oil",SR Legacy,lard,0.0,100.0,0.0,900.0
2707609,"Bread, lard, toasted, Puerto Rican style",Survey (FNDDS),lard,8.14,3.62,62.34,314.0
577714,PREMIUM LARD,Branded,lard,0.0,100.0,0.0,923.0
2137792,REFINED LARD,Branded,lard,0.0,100.0,0.0,923.0
1851350,REFINED LARD,Branded,lard,0.0,100.0,0.0,923.0
1937644,REFINED LARD CUBE,Branded,lard,0.0,100.0,0.0,923.0
2027586,SNOW CAP LARD,Branded,lard,0.0,100.0,0.0,923.0
2519714,ARMOUR LARD 1lb Cartons,Branded,lard,0.0,100.0,0.0,923.0
2519713,ARMOUR LARD 4lb Pail,Branded,lard,0.0,100.0,0.0,923.0
2653834,"GOYA REFINED LARD, 16 OZ",Branded,lard,0.0,100.0,0.0,923.0
2674507,"GOYA REFINED LARD, 40 OZ",Branded,lard,0.0,100.0,0.0,923.0
2027545,"PREMIUM COOKING OIL, LEAF LARD",Branded,lard,0.0,100.0,0.0,929.0
2109543,PORK LARD TIME HONORED COOKING OIL,Branded,lard,0.0,100.0,0.0,929.0
2554888,"SLOW COOKED, PULLED PORK WITH LARD CARNITAS",Branded,lard,21.7,20.5,0.0,265.0
2398931,ACHIOTINA PASTA DE ACHIOTE LARD COLORED WITH ANNATTO,Branded,lard,0.0,92.9,7.14,857.0
2418478,MANTECA,Branded,lard,0.0,100.0,0.0,923.0
2503341,"REFRIED BEANS WITH MILD GREEN CHILES, MILD GREEN CHILES",Branded,lard,5.38,1.92,14.6,92.0
2246984,"REFRIED BEANS, TRADITIONAL",Branded,lard,7.2,2.4,19.2,128.0
2063918,SEASONED BLACK REFRIED BEANS,Branded,lard,4.62,1.15,16.9,92.0
2541172,"AUTHENTIC BLACK REFRIED BEANS, AUTHENTIC BLACK",Branded,lard,5.38,1.15,16.9,100.0
2503343,"AUTHENTIC BLACK REFRIED BEANS, AUTHENTIC BLACK",Branded,lard,5.38,1.15,16.9,100.0
2498322,"BLACK REFRIED BEANS, BLACK",Branded,lard,6.15,2.31,17.7,115.0
2255444,REFRIED BLACK BEANS,Branded,lard,6.4,2.4,19.2,120.0
1837900,REFRIED BEANS,Branded,lard,6.92,2.31,18.5,115.0
2029935,TRADITIONAL REFRIED BEANS,Branded,lard,5.38,1.92,16.9,108.0
1837836,"BUSH'S BEST, REFRIED BLACK BEANS",Branded,lard,6.15,2.31,17.7,115.0
2063922,TRADITIONAL REFRIED BEANS,Branded,lard,5.38,1.92,16.9,108.0
2339292,PIE CRUST MIX,Branded,lard,6.25,31.2,50.0,500.0
2027979,"FINEST BRAND, TRADITIONAL REFRIED BEANS",Branded,lard,5.0,2.08,13.3,92.0
1631432,"REFRIED BEANS, TRADITIONAL",Branded,lard,5.0,2.08,13.3,92.0
2529392,"GOYA ACHIOTINA, 10.25 OZ",Branded,lard,0.0,92.9,7.14,857.0
2565032,"GOYA ACHIOTINA, 5 OZ",Branded,lard,0.0,100.0,0.0,923.0
2669212,"CORN MUFFIN MIX, CORN",Branded,lard,5.13,12.8,71.8,423.0
2740594,Old El Paso Traditional Refried Beans Canned 16-Ounce,Branded,lard,4.17,1.25,10.8,75.0
2740593,Old El Paso Traditional Refried Beans Value Size,Branded,lard,4.17,1.25,10.8,75.0
2384857,PIECRUST ROLLED,Branded,lard,3.7,22.2,48.2,407.0
2418738,PIE CRUST,Branded,lard,5.0,35.0,40.0,500.0
2156663,PIE CRUST,Branded,lard,0.0,34.0,40.4,489.0
2072262,PRE-CREAMED SHORTENING,Branded,lard,0.0,100.0,0.0,923.0
381727,PRE-CREAMED SHORTENING,Branded,lard,0.0,100.0,0.0,923.0
2616435,AUTHENTIC REFRIED BEANS,Branded,lard,6.15,3.46,14.6,108.0
2503378,"AUTHENTIC REFRIED BEANS, AUTHENTIC",Branded,lard,5.38,1.54,15.4,92.0
2037183,"LA PREFERIDA, REFRIED BEANS",Branded,lard,6.15,3.46,14.6,108.0
2429489,"MEXICAN STYLE FRIJOLES REFRITOS REFRIED BEANS, MEXICAN STYLE",Branded,lard,4.69,1.56,12.5,78.0
2372748,"MEXICAN STYLE REFRIED BEANS, MEXICAN STYLE",Branded,lard,6.15,1.54,16.9,108.0
2400450,"MEXICAN STYLE REFRIED BEANS, MEXICAN STYLE",Branded,lard,6.15,1.54,16.9,108.0
2372776,"MEXICAN STYLE REFRIED BEANS, MEXICAN STYLE",Branded,lard,6.15,1.54,16.9,108.0
2105053,REFRIED BEANS,Branded,lard,6.15,1.15,17.7,108.0
2429787,REFRIED BEANS,Branded,lard,4.69,1.56,12.5,78.0
2080660,REFRIED BEANS,Branded,lard,5.38,1.54,16.2,100.0
2422449,"REFRIED PINTO BEANS, REFRIED PINTO",Branded,lard,7.69,3.85,10.8,92.0
518864,TRADITIONAL BEANS,Branded,lard,6.15,1.15,17.7,108.0
2433748,TRADITIONAL REFRIED BEANS,Branded,lard,6.15,1.15,17.7,108.0
2433749,TRADITIONAL REFRIED BEANS,Branded,lard,6.15,1.15,17.7,108.0
2065730,TRADITIONAL REFRIED BEANS,Branded,lard,6.15,1.15,17.7,108.0
2401965,"TRADITIONAL REFRIED BEANS, TRADITIONAL",Branded,lard,6.15,1.54,16.9,108.0
2320519,"TRADITIONAL REFRIED BEANS, TRADITIONAL",Branded,lard,6.15,1.54,16.9,108.0
2393548,"TRADITIONAL REFRIED BEANS, TRADITIONAL",Branded,lard,6.15,1.15,17.7,100.0
2401962,"TRADITIONAL REFRIED BEANS, TRADITIONAL",Branded,lard,6.15,1.54,16.9,108.0
2550125,SHORTENING,Branded,shortening,0.0,100.0,0.0,909.0
173597,"Shortening, industrial, soy (partially hydrogenated), pourable liquid fry shortening",SR Legacy,shortening,0.0,100.0,0.0,884.0
172334,"Shortening, confectionery, fractionated palm",SR Legacy,shortening,0.0,100.0,0.0,884.0
2710167,"Shortening, NS as to vegetable or animal",Survey (FNDDS),shortening,0.0,99.97,0.0,884.0
173584,"Shortening, vegetable, household, composite",SR Legacy,shortening,0.0,100.0,0.0,884.0
172332,Shortening household soybean (hydrogenated) and palm,SR Legacy,shortening,0.0,100.0,0.0,884.0
172331,"Shortening frying (heavy duty), palm (hydrogenated)",SR Legacy,shortening,0.0,100.0,0.0,884.0
173579,"Shortening, multipurpose, soybean (hydrogenated) and palm (hydrogenated)",SR Legacy,shortening,0.0,100.0,0.0,884.0
173568,"Shortening confectionery, coconut (hydrogenated) and or palm kernel (hydrogenated)",SR Legacy,shortening,0.0,100.0,0.0,884.0
173567,"Shortening frying (heavy duty), beef tallow and cottonseed",SR Legacy,shortening,0.0,100.0,0.0,900.0
173607,"Shortening, industrial, soy (partially hydrogenated ) for baking and confections",SR Legacy,shortening,0.0,100.0,0.0,884.0
173574,"Shortening, special purpose for cakes and frostings, soybean (hydrogenated)",SR Legacy,shortening,0.0,100.0,0.0,884.0
169823,"Agutuk, fish with shortening (Alaskan ice cream) (Alaska Native)",SR Legacy,shortening,9.0,43.5,10.5,1960.0
173575,"Shortening, special purpose for baking, soybean (hydrogenated) palm and cottonseed",SR Legacy,shortening,0.0,100.0,0.0,884.0
172333,"Shortening frying (heavy duty), soybean (hydrogenated), linoleic (less than 1%)",SR Legacy,shortening,0.0,100.0,0.0,884.0
1992181,AGREENA SHORTENING,Branded,shortening,0.0,100.0,0.0,923.0
358829,NATURAL SHORTENING,Branded,shortening,0.0,100.0,0.0,929.0
2133318,ORGANIC SHORTENING,Branded,shortening,0.0,100.0,0.0,929.0
2016752,PRECREAMED SHORTENING,Branded,shortening,0.0,100.0,0.0,909.0
2096472,SHORTENING POWDER,Branded,shortening,0.0,71.4,14.3,714.0
1662886,SHORTENING STICKS,Branded,shortening,0.0,100.0,0.0,917.0
2636250,VEGETABLE SHORTENING,Branded,shortening,0.0,100.0,0.0,917.0
2034255,VEGETABLE SHORTENING,Branded,shortening,0.0,100.0,0.0,917.0
2239155,VEGETABLE SHORTENING,Branded,shortening,0.0,100.0,0.0,917.0
2573554,VEGETABLE SHORTENING,Branded,shortening,0.0,100.0,0.0,923.0
2114612,VEGETABLE SHORTENING,Branded,shortening,0.0,85.7,0.0,786.0
2545045,VEGETABLE SHORTENING,Branded,shortening,0.0,100.0,0.0,917.0
2102188,VEGETABLE SHORTENING,Branded,shortening,0.0,100.0,0.0,917.0
2445958,ALL VEGETABLE SHORTENING,Branded,shortening,0.0,100.0,0.0,917.0
2071434,ALL VEGETABLE SHORTENING,Branded,shortening,0.0,100.0,0.0,917.0
2680275,ALL VEGETABLE SHORTENING,Branded,shortening,0.0,100.0,0.0,917.0
2447557,ALL VEGETABLE SHORTENING,Branded,shortening,0.0,100.0,0.0,917.0
2431947,ALL VEGETABLE SHORTENING,Branded,shortening,0.0,100.0,0.0,917.0
2126808,ALL VEGETABLE SHORTENING,Branded,shortening,0.0,100.0,0.0,917.0
2434666,ALL VEGETABLE SHORTENING,Branded,shortening,0.0,100.0,0.0,923.0
1933366,ALL VEGETABLE SHORTENING,Branded,shortening,0.0,100.0,0.0,917.0
2054822,ALL-PURPOSE SHORTENING,Branded,shortening,0.0,100.0,0.0,917.0
2055166,ALL-PURPOSE SHORTENING,Branded,shortening,0.0,100.0,0.0,917.0
2101924,ALL-VEGETABLE SHORTENING,Branded,shortening,0.0,100.0,0.0,917.0
1599749,ALL-VEGETABLE SHORTENING,Branded,shortening,0.0,100.0,0.0,917.0
2678536,ALL-VEGETABLE SHORTENING,Branded,shortening,0.0,100.0,0.0,917.0
2572335,ALL-VEGETABLE SHORTENING,Branded,shortening,0.0,100.0,0.0,917.0
2118023,ALL-VEGETABLE SHORTENING,Branded,shortening,0.0,100.0,0.0,917.0
2161444,ALL-VEGETABLE SHORTENING,Branded,shortening,0.0,100.0,0.0,917.0
2379837,ALL-VEGETABLE SHORTENING,Branded,shortening,0.0,100.0,0.0,923.0
2572333,ALL-VEGETABLE SHORTENING,Branded,shortening,0.0,100.0,0.0,917.0
2454722,"BEEF SHORTENING, BEEF",Branded,shortening,0.0,100.0,0.0,923.0
2056426,CREAMY LIQUID SHORTENING,Branded,shortening,0.0,100.0,0.0,857.0
2008428,PURE VEGETABLE SHORTENING,Branded,shortening,0.0,100.0,0.0,917.0
1860916,"VEGETABLE SHORTENING, BUTTER",Branded,shortening,0.0,100.0,0.0,923.0
2018887,"VEGETABLE SHORTENING, VEGETABLE",Branded,shortening,0.0,100.0,0.0,917.0
1933125,ALL PURPOSE PALM SHORTENING,Branded,shortening,0.0,100.0,0.0,917.0
2147490,ALL PURPOSE VEGETABLE SHORTENING,Branded,shortening,0.0,100.0,0.0,923.0
2240500,ALL PURPOSE VEGETABLE SHORTENING,Branded,shortening,0.0,100.0,0.0,917.0
2500128,ALL PURPOSE VEGETABLE SHORTENING,Branded,shortening,0.0,100.0,0.0,923.0
2316276,ALL PURPOSE VEGETABLE SHORTENING,Branded,shortening,0.0,100.0,0.0,923.0
2436910,"ALL VEGETABLE SHORTENING, BUTTER",Branded,shortening,0.0,100.0,0.0,857.0
1868485,ALL-PURPOSE VEGETABLE SHORTENING,Branded,shortening,0.0,100.0,0.0,917.0
2678532,ALL-VEGETABLE SHORTENING STICKS,Branded,shortening,0.0,100.0,0.0,917.0
2056407,CANOLA CLEAR LIQUID SHORTENING,Branded,shortening,0.0,100.0,0.0,929.0
1933128,CLEAR LIQUID CANOLA SHORTENING,Branded,shortening,0.0,100.0,0.0,857.0
1933120,CREAMY LIQUID FRYING SHORTENING,Branded,shortening,0.0,100.0,0.0,857.0
1933166,CREAMY LIQUID FRYING SHORTENING,Branded,shortening,0.0,100.0,0.0,857.0
2710158,"Margarine, NFS",Survey (FNDDS),margarine,0.17,65.04,0.82,579.0
2710159,"Margarine, stick",Survey (FNDDS),margarine,0.16,80.71,0.7,717.0
2710160,"Margarine, tub",Survey (FNDDS),margarine,0.17,59.81,0.86,533.0
2710162,"Margarine, light",Survey (FNDDS),margarine,0.33,37.91,1.22,346.0
2707157,"Egg, whole, fried with margarine",Survey (FNDDS),margarine,11.57,13.52,0.95,171.0
2709562,"Plantain, cooked with butter or margarine",Survey (FNDDS),margarine,1.27,2.53,30.88,138.0
171431,"Margarine, margarine-like vegetable oil spread, 67-70% fat, tub",SR Legacy,margarine,0.07,68.3,0.59,606.0
2709846,"Asparagus, canned, cooked with butter or margarine",Survey (FNDDS),margarine,2.09,2.82,2.4,38.0
2709842,"Asparagus, fresh, cooked with butter or margarine",Survey (FNDDS),margarine,2.31,2.48,4.05,42.0
2709844,"Asparagus, frozen, cooked with butter or margarine",Survey (FNDDS),margarine,2.87,2.59,1.87,37.0
2709651,"Broccoli, fresh, cooked with butter or margarine",Survey (FNDDS),margarine,2.61,2.62,6.33,60.0
2709653,"Broccoli, frozen, cooked with butter or margarine",Survey (FNDDS),margarine,3.02,2.3,5.19,47.0
2709892,"Cabbage, green, cooked with butter or margarine",Survey (FNDDS),margarine,0.99,2.51,6.44,52.0
2709676,"Carrots, canned, cooked with butter or margarine",Survey (FNDDS),margarine,0.64,2.38,5.39,44.0
2709668,"Carrots, fresh, cooked with butter or margarine",Survey (FNDDS),margarine,0.96,2.63,10.37,69.0
2709674,"Carrots, frozen, cooked with butter or margarine",Survey (FNDDS),margarine,0.8,2.64,7.68,57.0
2709903,"Cauliflower, fresh, cooked with butter or margarine",Survey (FNDDS),margarine,1.95,2.56,5.02,46.0
2709905,"Cauliflower, frozen, cooked with butter or margarine",Survey (FNDDS),margarine,1.58,2.4,3.64,38.0
2709583,"Collards, fresh, cooked with butter or margarine",Survey (FNDDS),margarine,3.16,2.99,5.65,54.0
2709585,"Collards, frozen, cooked with butter or margarine",Survey (FNDDS),margarine,2.89,2.58,6.88,55.0
2709922,"Corn, canned, cooked with butter or margarine",Survey (FNDDS),margarine,2.24,3.38,13.93,85.0
2709918,"Corn, fresh, cooked with butter or margarine",Survey (FNDDS),margarine,3.18,3.5,18.11,103.0
2709920,"Corn, frozen, cooked with butter or margarine",Survey (FNDDS),margarine,2.48,2.84,18.69,98.0
173309,"McDONALD'S, Deluxe Breakfast, with syrup and margarine",SR Legacy,margarine,7.56,15.2,29.5,285.0
2709942,"Mushrooms, fresh, cooked with butter or margarine",Survey (FNDDS),margarine,3.52,3.16,5.01,62.0
170525,"Potatoes, scalloped, home-prepared with margarine",SR Legacy,margarine,2.87,3.68,10.8,88.0
2708412,"Rice, brown, cooked, made with margarine",Survey (FNDDS),margarine,2.38,2.6,25.18,134.0
2708406,"Rice, white, cooked, made with margarine",Survey (FNDDS),margarine,2.6,2.12,27.22,142.0
2709627,"Spinach, canned, cooked with butter or margarine",Survey (FNDDS),margarine,2.74,2.68,3.31,42.0
2709619,"Spinach, fresh, cooked with butter or margarine",Survey (FNDDS),margarine,3.33,3.26,3.02,55.0
2709625,"Spinach, frozen, cooked with butter or margarine",Survey (FNDDS),margarine,3.9,3.03,4.66,53.0
2707199,"Egg omelet or scrambled egg, made with margarine",Survey (FNDDS),margarine,11.57,13.52,0.95,171.0
2709864,"Green beans, canned, cooked with butter or margarine",Survey (FNDDS),margarine,1.03,2.57,4.0,43.0
2709860,"Green beans, fresh, cooked with butter or margarine",Survey (FNDDS),margarine,2.0,2.56,7.48,61.0
2709862,"Green beans, frozen, cooked with butter or margarine",Survey (FNDDS),margarine,1.46,2.35,6.26,47.0
2709971,"Green peas, canned, cooked with butter or margarine",Survey (FNDDS),margarine,4.36,2.97,11.04,86.0
2709967,"Green peas, fresh, cooked with butter or margarine",Survey (FNDDS),margarine,5.48,2.68,14.58,102.0
2709969,"Green peas, frozen, cooked with butter or margarine",Survey (FNDDS),margarine,5.0,2.45,13.82,95.0
173589,"Margarine Spread, 40-49% fat, tub",SR Legacy,margarine,0.27,44.5,0.0,1680.0
171415,"Margarine,spread, 35-39% fat, tub",SR Legacy,margarine,0.23,38.0,1.52,1460.0
171035,"Margarine-like spread, BENECOL Light Spread",SR Legacy,margarine,0.0,38.7,5.71,357.0
173311,"McDONALD'S, Hotcakes (with 2 pats margarine & syrup)",SR Legacy,margarine,4.05,8.06,46.1,272.0
174906,"Bread, banana, prepared from recipe, made with margarine",SR Legacy,margarine,4.3,10.5,54.6,326.0
2709681,"Carrots, canned, reduced sodium, cooked with butter or margarine",Survey (FNDDS),margarine,0.59,2.33,5.21,42.0
2710021,"Classic mixed vegetables, canned, cooked with butter or margarine",Survey (FNDDS),margarine,2.07,2.83,8.59,64.0
2710019,"Classic mixed vegetables, frozen, cooked with butter or margarine",Survey (FNDDS),margarine,2.78,2.33,12.68,83.0
2708422,"Rice, white, cooked, glutinous",Survey (FNDDS),white rice cooked,2.01,0.19,20.97,96.0
2710788,"Rice, white, cooked, as ingredient",Survey (FNDDS),white rice cooked,2.54,0.37,28.98,130.0
2708404,"Rice, white, cooked, made with oil",Survey (FNDDS),white rice cooked,2.6,3.12,27.19,151.0
2708408,"Rice, white, cooked, no added fat",Survey (FNDDS),white rice cooked,2.67,0.28,27.99,129.0
2708403,"Rice, white, cooked, NS as to fat",Survey (FNDDS),white rice cooked,2.67,0.28,27.99,129.0
2708405,"Rice, white, cooked, made with butter",Survey (FNDDS),white rice cooked,2.62,2.61,27.2,147.0
169711,"Rice, white, glutinous, unenriched, cooked",SR Legacy,white rice cooked,2.02,0.19,21.1,406.0
2708428,"Rice, white and wild, cooked, fat added",Survey (FNDDS),white rice cooked,2.17,2.14,20.62,112.0
2708426,"Rice, white and wild, cooked, no added fat",Survey (FNDDS),white rice cooked,1.82,0.16,17.22,79.0
2708429,"Rice, white and wild, cooked, NS as to fat",Survey (FNDDS),white rice cooked,2.17,2.14,20.62,112.0
168930,"Rice, white, medium-grain, cooked, unenriched",SR Legacy,white rice cooked,2.38,0.21,28.6,130.0
168880,"Rice, white, medium-grain, enriched, cooked",SR Legacy,white rice cooked,2.38,0.21,28.6,130.0
168932,"Rice, white, short-grain, cooked, unenriched",SR Legacy,white rice cooked,2.36,0.19,28.7,130.0
168882,"Rice, white, short-grain, enriched, cooked",SR Legacy,white rice cooked,2.36,0.19,28.7,130.0
2708432,"Rice, white, cooked with fat, Puerto Rican style",Survey (FNDDS),white rice cooked,2.84,6.3,31.9,200.0
169708,"Rice, white, long-grain, parboiled, enriched, cooked",SR Legacy,white rice cooked,2.91,0.37,26.0,123.0
169759,"Rice, white, long-grain, parboiled, unenriched, cooked",SR Legacy,white rice cooked,2.91,0.37,26.0,123.0
168878,"Rice, white, long-grain, regular, enriched, cooked",SR Legacy,white rice cooked,2.69,0.28,28.2,130.0
2708407,"Rice, white, cooked, fat added, NS as to fat type",Survey (FNDDS),white rice cooked,2.6,2.77,27.2,148.0
2708356,"Rice noodles, cooked",Survey (FNDDS),white rice cooked,1.78,0.2,23.87,107.0
169753,"Rice, white, long-grain, regular, cooked, enriched, with salt",SR Legacy,white rice cooked,2.69,0.28,28.2,544.0
168935,"Rice, white, long-grain, regular, cooked, unenriched, with salt",SR Legacy,white rice cooked,2.69,0.28,28.2,544.0
168914,"Rice noodles, cooked",SR Legacy,white rice cooked,1.79,0.2,24.0,454.0
2708402,"Rice, cooked, NFS",Survey (FNDDS),white rice cooked,2.67,0.28,27.99,129.0
2708416,"Rice, cooked, with milk",Survey (FNDDS),white rice cooked,5.13,2.31,25.01,144.0
168897,"Wild rice, cooked",SR Legacy,white rice cooked,3.99,0.34,21.3,101.0
169757,"Rice, white, long-grain, regular, unenriched, cooked without salt",SR Legacy,white rice cooked,2.69,0.28,28.2,544.0
2708990,Beans and white rice,Survey (FNDDS),white rice cooked,6.5,4.21,25.19,164.0
2710789,"Rice, brown, cooked, as ingredient",Survey (FNDDS),white rice cooked,2.45,1.12,25.89,124.0
2709032,"Rice, cooked with coconut milk",Survey (FNDDS),white rice cooked,3.57,17.23,26.55,267.0
2708417,"Rice, sweet, cooked with honey",Survey (FNDDS),white rice cooked,2.52,0.26,31.12,139.0
2708994,Black beans and white rice,Survey (FNDDS),white rice cooked,6.01,4.32,24.42,160.0
2708993,Kidney beans and white rice,Survey (FNDDS),white rice cooked,5.9,4.29,23.91,158.0
2708995,Pinto beans and white rice,Survey (FNDDS),white rice cooked,6.09,4.38,25.82,167.0
790214,"Flour, rice, white, unenriched",Foundation,white rice cooked,6.94,1.3,79.8,359.0
169714,"Rice flour, white, unenriched",SR Legacy,white rice cooked,5.95,1.42,80.1,366.0
2708411,"Rice, brown, cooked, made with butter",Survey (FNDDS),white rice cooked,2.4,3.0,25.16,137.0
2708414,"Rice, brown, cooked, no added fat",Survey (FNDDS),white rice cooked,2.43,1.11,25.76,123.0
2708409,"Rice, brown, cooked, NS as to fat",Survey (FNDDS),white rice cooked,2.44,1.11,25.76,123.0
2708421,"Yellow rice, cooked, fat added",Survey (FNDDS),white rice cooked,1.76,2.43,18.7,103.0
2708420,"Yellow rice, cooked, no added fat",Survey (FNDDS),white rice cooked,1.8,0.45,19.1,88.0
2708419,"Yellow rice, cooked, NS as to fat",Survey (FNDDS),white rice cooked,1.8,0.45,19.1,88.0
2707171,"Egg, white, cooked, fat added",Survey (FNDDS),white rice cooked,9.99,5.72,2.21,100.0
2707170,"Egg, white, cooked, no added fat",Survey (FNDDS),white rice cooked,10.67,0.0,2.35,52.0
2707169,"Egg, white, cooked, NS as to fat",Survey (FNDDS),white rice cooked,9.99,5.72,2.21,100.0
2708425,"Rice, wild, 100%, cooked, fat added",Survey (FNDDS),white rice cooked,3.86,3.08,20.63,122.0
2708424,"Rice, wild, 100%, cooked, no added fat",Survey (FNDDS),white rice cooked,3.97,0.34,21.21,100.0
2708423,"Rice, wild, 100%, cooked, NS as to fat",Survey (FNDDS),white rice cooked,3.86,3.08,20.63,122.0
173914,"Cereals, CREAM OF RICE, cooked with water, with salt",SR Legacy,white rice cooked,0.9,0.1,11.5,52.0
2708430,"Rice, brown and wild, cooked, fat added",Survey (FNDDS),white rice cooked,2.82,3.24,24.31,138.0
2708427,"Rice, brown and wild, cooked, no added fat",Survey (FNDDS),white rice cooked,2.89,0.88,24.9,120.0
2708431,"Rice, brown and wild, cooked, NS as to fat",Survey (FNDDS),white rice cooked,2.2,2.72,19.9,112.0
173263,"Rice, brown, parboiled, cooked, UNCLE BENS",SR Legacy,white rice cooked,3.09,0.85,31.3,147.0
168883,"Rice, white, glutinous, unenriched, uncooked",SR Legacy,white rice cooked,6.81,0.55,81.7,370.0
169712,"Rice, white, steamed, Chinese restaurant",SR Legacy,white rice cooked,3.2,0.27,33.9,151.0
2709004,"Rice, white, with carrots, fat added",Survey (FNDDS),white rice cooked,2.16,2.42,22.64,123.0
2709003,"Rice, white, with carrots, no added fat",Survey (FNDDS),white rice cooked,2.2,0.25,23.14,106.0
2709002,"Rice, white, with carrots, NS as to fat",Survey (FNDDS),white rice cooked,2.16,2.42,22.64,123.0
2708998,"Rice, white, with corn, fat added",Survey (FNDDS),white rice cooked,2.58,2.5,25.21,134.0
2708997,"Rice, white, with corn, no added fat",Survey (FNDDS),white rice cooked,2.64,0.38,25.76,117.0
2708996,"Rice, white, with corn, NS as to fat",Survey (FNDDS),white rice cooked,2.58,2.5,25.21,134.0
2709097,"Rice, white, with gravy, fat added",Survey (FNDDS),white rice cooked,1.98,2.96,20.01,117.0
2709096,"Rice, white, with gravy, no added fat",Survey (FNDDS),white rice cooked,2.02,1.06,20.4,102.0
2709095,"Rice, white, with gravy, NS as to fat",Survey (FNDDS),white rice cooked,1.98,2.96,20.01,117.0
2709030,"Rice, white, with lentils, fat added",Survey (FNDDS),white rice cooked,5.5,4.83,21.43,150.0
2709031,"Rice, white, with lentils, no added fat",Survey (FNDDS),white rice cooked,5.76,0.33,22.44,115.0
2709029,"Rice, white, with lentils, NS as to fat",Survey (FNDDS),white rice cooked,5.5,4.83,21.43,150.0
2709001,"Rice, white, with peas, fat added",Survey (FNDDS),white rice cooked,3.22,2.42,24.03,133.0
2709000,"Rice, white, with peas, no added fat",Survey (FNDDS),white rice cooked,3.29,0.28,24.56,116.0
2708999,"Rice, white, with peas, NS as to fat",Survey (FNDDS),white rice cooked,3.22,2.42,24.03,133.0
172002,"Fish, sucker, white, cooked, dry heat",SR Legacy,white rice cooked,21.5,2.97,0.0,119.0
168537,"Mushrooms, white, cooked, boiled, drained, with salt",SR Legacy,white rice cooked,2.17,0.47,5.29,117.0
173265,"Pasta, gluten-free, corn and rice flour, cooked",SR Legacy,white rice cooked,3.2,1.0,38.0,179.0
167698,"Pork sausage rice links, brown and serve, cooked",SR Legacy,brown rice cooked,13.7,37.6,2.36,407.0
2708410,"Rice, brown, cooked, fat added, made with oil",Survey (FNDDS),brown rice cooked,2.38,3.41,25.16,141.0
172026,"Pasta, gluten-free, brown rice flour, cooked, TINKYADA",SR Legacy,brown rice cooked,3.46,1.67,32.2,577.0
2708413,"Rice, brown, cooked, fat added, NS as to fat type",Survey (FNDDS),brown rice cooked,2.38,3.12,25.16,138.0
2709033,Beans and brown rice,Survey (FNDDS),brown rice cooked,6.4,4.54,24.29,162.0
1104812,"Flour, rice, brown",Foundation,brown rice cooked,7.19,3.85,75.5,365.0
168898,"Rice flour, brown",SR Legacy,brown rice cooked,7.23,2.78,76.5,363.0
2709081,"Flavored rice, brown and wild",Survey (FNDDS),brown rice cooked,2.72,2.15,19.34,106.0
167967,"Snacks, rice cakes, brown rice, buckwheat",SR Legacy,brown rice cooked,9.0,3.5,80.1,380.0
169679,"Snacks, rice cakes, brown rice, corn",SR Legacy,brown rice cooked,8.4,3.2,81.2,385.0
169680,"Snacks, rice cakes, brown rice, multigrain",SR Legacy,brown rice cooked,8.5,3.5,80.1,387.0
168855,"Snacks, rice cakes, brown rice, rye",SR Legacy,brown rice cooked,8.1,3.8,79.9,386.0
167966,"Snacks, rice cracker brown rice, plain",SR Legacy,brown rice cooked,8.2,2.8,81.5,387.0
169865,"Babyfood, peas and brown rice",SR Legacy,brown rice cooked,3.4,0.5,11.5,64.0
2709035,Black beans and brown rice,Survey (FNDDS),brown rice cooked,5.91,4.65,23.52,158.0
2709034,Kidney beans and brown rice,Survey (FNDDS),brown rice cooked,5.81,4.63,23.02,155.0
2709036,Pinto beans and brown rice,Survey (FNDDS),brown rice cooked,6.0,4.71,24.92,164.0
173155,"Snacks, brown rice chips",SR Legacy,brown rice cooked,8.2,2.8,81.5,384.0
2709042,"Rice, brown, with peas, fat added",Survey (FNDDS),brown rice cooked,3.18,2.64,22.64,127.0
2709041,"Rice, brown, with peas, no added fat",Survey (FNDDS),brown rice cooked,3.24,0.82,23.07,113.0
2709040,"Rice, brown, with peas, NS as to fat",Survey (FNDDS),brown rice cooked,3.18,2.64,22.64,127.0
170251,"Snacks, rice cakes, brown rice, buckwheat, unsalted",SR Legacy,brown rice cooked,9.0,3.5,80.1,380.0
170252,"Snacks, rice cakes, brown rice, multigrain, unsalted",SR Legacy,brown rice cooked,8.5,3.5,80.1,387.0
170250,"Snacks, rice cakes, brown rice, plain, unsalted",SR Legacy,brown rice cooked,8.2,2.8,81.5,387.0
167557,"Snacks, rice cakes, brown rice, sesame seed",SR Legacy,brown rice cooked,7.6,3.8,81.5,392.0
169704,"Rice, brown, long-grain, cooked (Includes foods for USDA's Food Distribution Program)",SR Legacy,brown rice cooked,2.74,0.97,25.6,123.0
168875,"Rice, brown, medium-grain, cooked (Includes foods for USDA's Food Distribution Program)",SR Legacy,brown rice cooked,2.32,0.83,23.5,112.0
169864,"Babyfood, vegetable and brown rice, strained",SR Legacy,brown rice cooked,1.9,1.5,12.1,289.0
2709045,"Rice, brown, with carrots, fat added",Survey (FNDDS),brown rice cooked,2.27,2.63,21.43,119.0
2709044,"Rice, brown, with carrots, no added fat",Survey (FNDDS),brown rice cooked,2.31,0.8,21.84,104.0
2709043,"Rice, brown, with carrots, NS as to fat",Survey (FNDDS),brown rice cooked,2.27,2.63,21.43,119.0
2709039,"Rice, brown, with corn, fat added",Survey (FNDDS),brown rice cooked,2.64,2.71,23.66,128.0
173264,"Pasta, gluten-free, rice flour and rice bran extract, cooked, DE BOLES",SR Legacy,rice cooked,4.21,1.7,40.8,836.0
2708355,"Long rice noodles, made from mung beans, cooked",Survey (FNDDS),rice cooked,0.04,0.01,20.66,84.0
2706147,"Dove, cooked, NS as to cooking method",Survey (FNDDS),rice cooked,23.8,12.95,0.0,212.0
2706333,"Calamari, cooked",Survey (FNDDS),rice cooked,19.36,6.25,3.83,155.0
2706348,"Crayfish, cooked",Survey (FNDDS),rice cooked,20.22,1.2,0.0,97.0
2709078,Dirty rice,Survey (FNDDS),rice cooked,5.12,2.25,17.25,112.0
2709879,"Breadfruit, cooked",Survey (FNDDS),rice cooked,1.04,2.77,26.26,123.0
2709880,"Broccoflower, cooked",Survey (FNDDS),rice cooked,2.98,2.96,6.15,55.0
170287,"Bulgur, cooked",SR Legacy,rice cooked,3.08,0.24,18.6,83.0
2709886,"Burdock, cooked",Survey (FNDDS),rice cooked,1.6,2.89,18.06,100.0
2709564,"Cassava, cooked",Survey (FNDDS),rice cooked,1.42,3.03,39.62,191.0
2709906,"Celery, cooked",Survey (FNDDS),rice cooked,0.52,2.9,3.46,42.0
2709575,"Chard, cooked",Survey (FNDDS),rice cooked,1.88,2.95,3.9,44.0
2709908,"Christophine, cooked",Survey (FNDDS),rice cooked,0.86,2.87,4.7,44.0
169700,"Couscous, cooked",SR Legacy,rice cooked,3.79,0.16,23.2,112.0
2709587,"Cress, cooked",Survey (FNDDS),rice cooked,2.72,3.47,5.73,58.0
2709928,"Cucumber, cooked",Survey (FNDDS),rice cooked,0.72,3.2,3.37,45.0
2707436,"Edamame, cooked",Survey (FNDDS),rice cooked,11.54,7.58,8.63,140.0
2709592,"Escarole, cooked",Survey (FNDDS),rice cooked,1.12,2.72,2.98,37.0
2709932,"Garlic, cooked",Survey (FNDDS),rice cooked,6.58,0.38,28.03,142.0
2709933,"Hominy, cooked",Survey (FNDDS),rice cooked,1.45,2.91,13.8,88.0
2709934,"Kohlrabi, cooked",Survey (FNDDS),rice cooked,1.72,2.75,6.26,51.0
2708357,"Pasta, cooked",Survey (FNDDS),pasta cooked,5.76,0.92,30.68,157.0
2708351,"Pasta, vegetable, cooked",Survey (FNDDS),pasta cooked,4.52,0.11,26.55,128.0
2708358,"Pasta, whole grain, cooked",Survey (FNDDS),pasta cooked,5.95,1.7,29.89,148.0
169751,"Pasta, cooked, enriched, with added salt",SR Legacy,pasta cooked,5.8,0.93,30.6,157.0
172014,"Pasta, cooked, unenriched, with added salt",SR Legacy,pasta cooked,5.8,0.93,30.6,655.0
169728,"Pasta, fresh-refrigerated, plain, cooked",SR Legacy,pasta cooked,5.15,1.05,24.9,131.0
169730,"Pasta, fresh-refrigerated, spinach, cooked",SR Legacy,pasta cooked,5.06,0.94,25.0,130.0
168900,"Pasta, gluten-free, corn, cooked",SR Legacy,pasta cooked,2.63,0.73,27.9,126.0
168901,"Pasta, homemade, made with egg, cooked",SR Legacy,pasta cooked,5.28,1.74,23.5,130.0
169737,"Pasta, cooked, enriched, without added salt",SR Legacy,pasta cooked,5.8,0.93,30.9,660.0
168928,"Pasta, cooked, unenriched, without added salt",SR Legacy,pasta cooked,5.8,0.93,30.9,660.0
168902,"Pasta, homemade, made without egg, cooked",SR Legacy,pasta cooked,4.37,0.98,25.1,124.0
172027,"Pasta, gluten-free, corn flour and quinoa flour, cooked, ANCIENT HARVEST",SR Legacy,pasta cooked,3.23,2.07,31.1,152.0
168916,"Pasta, whole grain, 51% whole wheat, remaining unenriched semolina, cooked",SR Legacy,pasta cooked,5.82,1.5,31.5,159.0
168910,"Pasta, whole-wheat, cooked (Includes foods for USDA's Food Distribution Program)",SR Legacy,pasta cooked,5.99,1.71,30.1,625.0
2708930,Flavored pasta,Survey (FNDDS),pasta cooked,2.47,2.21,14.45,87.0
2708352,"Noodles, cooked",Survey (FNDDS),pasta cooked,4.51,2.06,25.01,137.0
2710001,"Spaghetti squash, cooked",Survey (FNDDS),spaghetti cooked,0.65,2.8,6.26,49.0
168912,"Spaghetti, spinach, cooked",SR Legacy,spaghetti cooked,4.58,0.63,26.2,130.0
168934,"Spaghetti, protein-fortified, cooked, enriched (n x 6.25)",SR Legacy,spaghetti cooked,8.86,0.21,30.9,164.0
170539,"Squash, winter, spaghetti, cooked, boiled, drained, or baked, with salt",SR Legacy,spaghetti cooked,0.66,0.26,6.46,113.0
169299,"Squash, winter, spaghetti, cooked, boiled, drained, or baked, without salt",SR Legacy,spaghetti cooked,0.66,0.26,6.46,113.0
2709745,Spaghetti sauce,Survey (FNDDS),spaghetti cooked,1.41,1.48,8.05,51.0
169845,"DENNY'S, spaghetti and meatballs",SR Legacy,spaghetti cooked,7.84,8.52,15.5,170.0
2706470,Spaghetti sauce with meat,Survey (FNDDS),spaghetti cooked,5.94,4.36,6.54,90.0
2706422,Spaghetti sauce with poultry,Survey (FNDDS),spaghetti cooked,6.29,2.62,6.54,75.0
2706453,Spaghetti sauce with seafood,Survey (FNDDS),spaghetti cooked,5.33,1.48,7.09,64.0
168911,"Spaghetti, spinach, dry",SR Legacy,spaghetti cooked,13.4,1.57,74.8,372.0
2709746,Spaghetti sauce with added vegetables,Survey (FNDDS),spaghetti cooked,1.52,1.2,7.45,46.0
2709748,"Spaghetti sauce, fat free",Survey (FNDDS),spaghetti cooked,1.2,0.3,5.31,24.0
2709747,"Spaghetti sauce, reduced sodium",Survey (FNDDS),spaghetti cooked,1.41,1.48,8.06,51.0
169298,"Squash, winter, spaghetti, raw",SR Legacy,spaghetti cooked,0.64,0.57,6.91,31.0
168085,"OLIVE GARDEN, spaghetti with meat sauce",SR Legacy,spaghetti cooked,5.8,3.28,17.2,121.0
169852,"OLIVE GARDEN, spaghetti with pomodoro sauce",SR Legacy,spaghetti cooked,4.26,1.85,17.1,102.0
169029,"Restaurant, family style, spaghetti and meatballs",SR Legacy,spaghetti cooked,7.84,8.52,15.5,170.0
167680,"Restaurant, Italian, spaghetti with meat sauce",SR Legacy,spaghetti cooked,5.79,3.59,16.4,507.0
2706471,Spaghetti sauce with meat and added vegetables,Survey (FNDDS),spaghetti cooked,6.03,4.13,6.05,86.0
2706423,Spaghetti sauce with poultry and added vegetables,Survey (FNDDS),spaghetti cooked,6.39,2.39,6.05,71.0
2706454,Spaghetti sauce with seafood and added vegetables,Survey (FNDDS),spaghetti cooked,5.43,1.25,6.6,60.0
172089,"Spaghetti with meat sauce, frozen entree",SR Legacy,spaghetti cooked,5.05,1.01,15.2,377.0
172099,"Spaghetti, with meatballs in tomato sauce, canned",SR Legacy,spaghetti cooked,4.37,4.11,11.4,100.0
2709142,"Spaghetti with meat sauce, diet frozen meal",Survey (FNDDS),spaghetti cooked,5.58,3.39,15.06,113.0
173492,"Babyfood, dinner, spaghetti and tomato and meat, junior",SR Legacy,spaghetti cooked,2.57,1.37,11.4,285.0
173493,"Babyfood, dinner, spaghetti and tomato and meat, toddler",SR Legacy,spaghetti cooked,5.3,1.0,10.8,75.0
168086,"CARRABBA'S ITALIAN GRILL, spaghetti with meat sauce",SR Legacy,spaghetti cooked,5.87,3.92,15.7,509.0
169853,"CARRABBA'S ITALIAN GRILL, spaghetti with pomodoro sauce",SR Legacy,spaghetti cooked,3.42,1.75,18.6,435.0
169033,"Restaurant, Italian, spaghetti with pomodoro sauce (no meat)",SR Legacy,spaghetti cooked,3.9,1.89,17.8,434.0
332282,"Sauce, pasta, spaghetti/marinara, ready-to-serve",Foundation,spaghetti cooked,1.41,1.48,8.05,186.0
171192,"Sauce, pasta, spaghetti/marinara, ready-to-serve",SR Legacy,spaghetti cooked,1.39,1.61,7.43,208.0
2709141,"Spaghetti and meatballs dinner, NFS, frozen meal",Survey (FNDDS),spaghetti cooked,5.58,3.39,15.06,113.0
2709605,"Lambsquarter, cooked",Survey (FNDDS),spaghetti cooked,3.11,3.22,4.85,54.0
2709949,"Lettuce, cooked",Survey (FNDDS),spaghetti cooked,1.06,3.11,4.21,49.0
168871,"Millet, cooked",SR Legacy,spaghetti cooked,3.51,1.0,23.7,119.0
2709955,"Parsnips, cooked",Survey (FNDDS),spaghetti cooked,1.29,2.84,16.47,92.0
2706150,"Pheasant, cooked",Survey (FNDDS),spaghetti cooked,32.26,12.05,0.0,238.0
2709692,"Pumpkin, cooked",Survey (FNDDS),spaghetti cooked,1.05,2.84,6.77,52.0
2706149,"Quail, cooked",Survey (FNDDS),spaghetti cooked,25.0,14.04,0.0,226.0
168917,"Quinoa, cooked",SR Legacy,spaghetti cooked,4.4,1.92,21.3,120.0
2709980,"Rutabaga, cooked",Survey (FNDDS),spaghetti cooked,1.13,2.9,8.98,63.0
2709981,"Salsify, cooked",Survey (FNDDS),spaghetti cooked,2.65,2.71,14.88,89.0
2706198,"Scrapple, cooked",Survey (FNDDS),spaghetti cooked,8.57,14.76,14.96,227.0
2707388,"Soybeans, cooked",Survey (FNDDS),spaghetti cooked,16.92,14.84,7.77,218.0
169746,"Spelt, cooked",SR Legacy,spaghetti cooked,5.5,0.85,26.4,127.0
2709567,"Taro, cooked",Survey (FNDDS),spaghetti cooked,1.57,2.95,27.55,141.0
168918,"Teff, cooked",SR Legacy,spaghetti cooked,3.87,0.65,19.9,101.0
172467,"Tempeh, cooked",SR Legacy,spaghetti cooked,19.9,11.4,7.62,195.0
2710002,"Turnip, cooked",Survey (FNDDS),spaghetti cooked,0.95,2.84,6.7,54.0
2709640,"Watercress, cooked",Survey (FNDDS),spaghetti cooked,2.4,2.84,1.35,36.0
2707153,"Egg, whole, cooked, NS as to cooking method",Survey (FNDDS),spaghetti cooked,11.84,13.86,0.92,176.0
168904,"Macaroni, vegetable, enriched, cooked",SR Legacy,macaroni cooked,4.53,0.11,26.6,128.0
2706483,Chili with macaroni,Survey (FNDDS),macaroni cooked,8.99,3.65,14.35,126.0
2708811,Macaroni or noodles with cheese,Survey (FNDDS),macaroni cooked,8.68,10.5,23.08,223.0
2708822,Macaroni or noodles with cheese and egg,Survey (FNDDS),macaroni cooked,5.91,9.52,19.0,185.0
2708818,Macaroni or noodles with cheese and meat,Survey (FNDDS),macaroni cooked,11.79,11.16,15.14,210.0
2708820,Macaroni or noodles with cheese and tomato,Survey (FNDDS),macaroni cooked,3.94,6.53,18.72,148.0
2708817,Macaroni or noodles with cheese and tuna,Survey (FNDDS),macaroni cooked,7.59,6.79,18.23,164.0
2708814,"Macaroni or noodles with cheese, canned",Survey (FNDDS),macaroni cooked,3.38,2.46,11.52,82.0
2708928,"Macaroni or noodles, creamed, with cheese",Survey (FNDDS),macaroni cooked,4.72,5.49,22.03,158.0
172259,"Babyfood, macaroni and cheese, toddler",SR Legacy,macaroni cooked,3.5,2.6,11.2,82.0
2706481,Beef and macaroni with cheese sauce,Survey (FNDDS),macaroni cooked,9.12,5.42,12.26,137.0
173325,"Macaroni and Cheese, canned entree",SR Legacy,macaroni cooked,3.38,2.46,11.5,82.0
173337,"Macaroni and Cheese, canned, microwavable",SR Legacy,macaroni cooked,5.98,5.99,14.0,134.0
173342,"Macaroni and cheese, frozen entree",SR Legacy,macaroni cooked,5.6,6.41,17.3,149.0
2708947,Macaroni or pasta salad with cheese,Survey (FNDDS),macaroni cooked,6.89,14.43,21.78,246.0
2708946,Macaroni or pasta salad with chicken,Survey (FNDDS),macaroni cooked,7.82,10.75,20.94,213.0
2708941,Macaroni or pasta salad with egg,Survey (FNDDS),macaroni cooked,5.18,11.44,22.54,215.0
2708948,Macaroni or pasta salad with meat,Survey (FNDDS),macaroni cooked,7.65,10.59,20.82,211.0
2708944,Macaroni or pasta salad with shrimp,Survey (FNDDS),macaroni cooked,6.86,9.99,20.94,203.0
2708942,Macaroni or pasta salad with tuna,Survey (FNDDS),macaroni cooked,6.69,9.9,20.88,200.0
168903,"Macaroni, vegetable, enriched, dry",SR Legacy,macaroni cooked,13.1,1.04,74.9,367.0
169849,"CRACKER BARREL, macaroni n' cheese",SR Legacy,macaroni cooked,6.49,11.8,15.6,194.0
2708823,Macaroni or noodles with cheese and chicken or turkey,Survey (FNDDS),macaroni cooked,12.53,7.61,14.82,178.0
2708812,"Macaroni or noodles with cheese, from restaurant",Survey (FNDDS),macaroni cooked,5.42,6.06,18.8,151.0
2708824,"Macaroni or noodles with cheese, whole grain",Survey (FNDDS),macaroni cooked,8.77,10.88,22.7,219.0
2708929,"Macaroni or noodles, creamed, with cheese and tuna",Survey (FNDDS),macaroni cooked,7.85,4.52,17.35,143.0
168992,"Agave, cooked (Southwest)",SR Legacy,macaroni cooked,0.99,0.29,32.0,563.0
170683,"Amaranth grain, cooked",SR Legacy,macaroni cooked,3.8,1.58,18.7,102.0
2709847,"Bamboo shoots, cooked",Survey (FNDDS),macaroni cooked,1.68,2.94,3.13,41.0
170285,"Barley, pearled, cooked",SR Legacy,macaroni cooked,2.26,0.44,28.2,515.0
2709871,"Bean sprouts, cooked",Survey (FNDDS),macaroni cooked,9.8,6.93,6.08,116.0
2705856,"Beef, bacon, cooked",Survey (FNDDS),macaroni cooked,31.3,34.4,1.4,449.0
2709571,"Beet greens, cooked",Survey (FNDDS),macaroni cooked,2.3,2.87,4.51,48.0
2709878,"Bitter melon, cooked",Survey (FNDDS),macaroni cooked,0.82,2.72,4.19,41.0
168874,"Quinoa, uncooked",SR Legacy,quinoa cooked,14.1,6.07,64.2,1540.0
2708401,"Quinoa, fat added",Survey (FNDDS),quinoa cooked,4.2,5.42,20.22,146.0
2708400,"Quinoa, no added fat",Survey (FNDDS),quinoa cooked,4.38,1.91,21.21,120.0
2708399,"Quinoa, NS as to fat",Survey (FNDDS),quinoa cooked,4.2,5.42,20.22,146.0
2366174,COOKED QUINOA,Branded,quinoa cooked,4.29,2.14,22.9,129.0
2596887,COOKED QUINOA,Branded,quinoa cooked,4.29,2.14,22.9,129.0
172957,"Bratwurst, chicken, cooked",SR Legacy,quinoa cooked,19.4,10.4,0.0,738.0
171620,"Bratwurst, pork, cooked",SR Legacy,quinoa cooked,13.7,29.2,2.85,1390.0
174595,"Bratwurst, veal, cooked",SR Legacy,quinoa cooked,14.0,31.7,0.0,1430.0
170382,"Broccoli raab, cooked",SR Legacy,quinoa cooked,3.83,0.52,3.12,104.0
2709573,"Broccoli raab, cooked",Survey (FNDDS),quinoa cooked,3.2,3.15,2.88,46.0
2709658,"Broccoli, Chinese, cooked",Survey (FNDDS),quinoa cooked,1.22,3.42,4.72,50.0
169392,"Broccoli, chinese, cooked",SR Legacy,quinoa cooked,1.14,0.72,3.81,22.0
2710792,"Broccoli, cooked, as ingredient",Survey (FNDDS),quinoa cooked,2.68,0.35,6.53,41.0
2710800,"Cabbage, cooked, as ingredient",Survey (FNDDS),quinoa cooked,1.0,0.24,6.65,32.0
168572,"Cabbage, napa, cooked",SR Legacy,quinoa cooked,1.1,0.17,2.23,50.0
2709893,"Cabbage, red, cooked",Survey (FNDDS),quinoa cooked,1.26,2.86,6.85,58.0
2709894,"Cabbage, savoy, cooked",Survey (FNDDS),quinoa cooked,2.02,2.75,6.16,51.0
2705884,"Canadian bacon, cooked",Survey (FNDDS),quinoa cooked,28.31,2.78,1.8,146.0
2710793,"Carrots, cooked, as ingredient",Survey (FNDDS),quinoa cooked,0.98,0.36,10.7,50.0
2709677,"Carrots, glazed, cooked",Survey (FNDDS),quinoa cooked,0.9,2.78,17.32,97.0
2710801,"Cauliflower, cooked, as ingredient",Survey (FNDDS),quinoa cooked,2.0,0.29,5.18,26.0
2710805,"Celery, cooked, as ingredient",Survey (FNDDS),quinoa cooked,0.53,0.17,3.57,18.0
2708360,"Cereal, cooked, NFS",Survey (FNDDS),quinoa cooked,2.21,1.09,11.36,64.0
2708441,"Couscous, plain, cooked",Survey (FNDDS),quinoa cooked,3.77,0.16,23.11,111.0
169699,"Couscous, dry",SR Legacy,couscous cooked,12.8,0.64,77.4,376.0
2596258,PRE-COOKED COUSCOUS,Branded,couscous cooked,13.3,0.0,76.7,367.0
2394752,PRE-COOKED COUSCOUS,Branded,couscous cooked,13.3,0.0,76.7,367.0
1855084,"ROLAND, PRE-COOKED COUSCOUS",Branded,couscous cooked,12.7,0.91,76.4,364.0
175180,"Crustaceans, shrimp, cooked",SR Legacy,couscous cooked,24.0,0.28,0.2,99.0
2709589,"Dandelion greens, cooked",Survey (FNDDS),couscous cooked,2.82,3.47,9.58,71.0
2707176,"Duck egg, cooked",Survey (FNDDS),couscous cooked,11.96,18.55,1.36,224.0
2710802,"Eggplant, cooked, as ingredient",Survey (FNDDS),couscous cooked,1.05,0.19,6.32,27.0
2708361,Barley,Survey (FNDDS),barley cooked,2.2,2.74,27.23,139.0
2709147,"Soup, barley",Survey (FNDDS),barley cooked,3.34,2.07,6.66,58.0
170283,"Barley, hulled",SR Legacy,barley cooked,12.5,2.3,73.5,354.0
2707788,"Bread, barley",Survey (FNDDS),barley cooked,10.67,4.53,47.54,274.0
169739,Barley flour or meal,SR Legacy,barley cooked,10.5,1.6,74.5,345.0
169740,Barley malt flour,SR Legacy,barley cooked,10.3,1.84,78.3,361.0
170284,"Barley, pearled, raw",SR Legacy,barley cooked,9.91,1.16,77.7,352.0
2707789,"Bread, barley, toasted",Survey (FNDDS),barley cooked,11.72,4.98,52.24,301.0
2708491,"Baby Toddler cereal, barley, dry",Survey (FNDDS),barley cooked,13.2,6.6,69.4,376.0
171358,"Babyfood, cereal, barley, dry fortified",SR Legacy,barley cooked,13.2,6.6,69.4,1570.0
174073,"Soup, beef barley, ready to serve",SR Legacy,barley cooked,2.81,0.96,7.94,216.0
171154,"Soup, mushroom barley, canned, condensed",SR Legacy,barley cooked,1.5,1.8,9.6,255.0
172296,"Babyfood, cereal, barley, prepared with whole milk",SR Legacy,barley cooked,3.73,3.26,9.94,352.0
174552,"CAMPBELL'S CHUNKY, Hearty Beef Barley Soup",SR Legacy,barley cooked,2.89,0.92,8.98,233.0
172914,"Soup, mushroom barley, canned, prepared with equal volume water",SR Legacy,barley cooked,0.77,0.93,4.8,126.0
2709383,"Potato, baked, NFS",Survey (FNDDS),potato baked,1.95,0.1,21.45,93.0
2709435,"Potato chips, baked, flavored",Survey (FNDDS),potato baked,4.97,18.11,71.04,467.0
2709434,"Potato chips, baked, plain",Survey (FNDDS),potato baked,5.0,18.2,71.4,469.0
2709515,"Potato tots, frozen, baked",Survey (FNDDS),potato baked,2.03,9.17,26.1,187.0
2709524,"Potato, baked, peel eaten",Survey (FNDDS),potato baked,2.49,0.13,21.05,93.0
2709384,"Potato, baked, peel not eaten",Survey (FNDDS),potato baked,1.95,0.1,21.45,93.0
170112,"Potatoes, baked, flesh, with salt",SR Legacy,potato baked,1.96,0.1,21.6,390.0
2709525,"Potato, baked, peel eaten, with butter",Survey (FNDDS),potato baked,2.41,4.22,20.01,125.0
2709518,"Potato, baked, peel not eaten, with butter",Survey (FNDDS),potato baked,1.9,4.19,20.39,125.0
2709527,"Potato, baked, peel eaten, with cheese",Survey (FNDDS),potato baked,4.09,7.69,17.43,153.0
2709529,"Potato, baked, peel eaten, with chili",Survey (FNDDS),potato baked,4.85,6.23,17.33,143.0
2709530,"Potato, baked, peel eaten, with vegetables",Survey (FNDDS),potato baked,4.12,6.37,17.76,142.0
2709520,"Potato, baked, peel not eaten, with cheese",Survey (FNDDS),potato baked,3.66,7.66,17.75,153.0
2709528,"Potato, baked, peel eaten, with meat",Survey (FNDDS),potato baked,4.74,8.28,17.09,160.0
2709522,"Potato, baked, peel not eaten, with chili",Survey (FNDDS),potato baked,4.45,6.21,17.62,143.0
2709523,"Potato, baked, peel not eaten, with vegetables",Survey (FNDDS),potato baked,3.68,6.34,18.09,142.0
2709521,"Potato, baked, peel not eaten, with meat",Survey (FNDDS),potato baked,4.32,8.26,17.4,160.0
170111,"Potatoes, baked, flesh and skin, with salt",SR Legacy,potato baked,2.5,0.13,21.2,390.0
170033,"Potatoes, baked, flesh, without salt",SR Legacy,potato baked,1.96,0.1,21.6,390.0
170113,"Potatoes, baked, skin only, with salt",SR Legacy,potato baked,4.29,0.1,46.1,198.0
170034,"Potatoes, baked, skin, without salt",SR Legacy,potato baked,4.29,0.1,46.1,198.0
170435,"Potatoes, red, flesh and skin, baked",SR Legacy,potato baked,2.3,0.15,19.6,362.0
170030,"Potatoes, Russet, flesh and skin, baked",SR Legacy,potato baked,2.63,0.13,21.4,397.0
170434,"Potatoes, white, flesh and skin, baked",SR Legacy,potato baked,2.1,0.15,21.1,92.0
2709700,"Sweet potato, baked, fat added",Survey (FNDDS),potato baked,1.58,4.53,17.14,115.0
2709699,"Sweet potato, baked, no added fat",Survey (FNDDS),potato baked,1.64,0.39,17.98,82.0
2709698,"Sweet potato, baked, NS as to fat",Survey (FNDDS),potato baked,1.58,4.53,17.14,115.0
2709526,"Potato, baked, peel eaten, with sour cream",Survey (FNDDS),potato baked,2.47,5.46,18.7,131.0
2709519,"Potato, baked, peel not eaten, with sour cream",Survey (FNDDS),potato baked,2.0,5.44,19.05,131.0
2709514,"Potato tots, from fresh, fried or baked",Survey (FNDDS),potato baked,1.9,15.46,24.4,237.0
2709517,"Potato tots, frozen, NS as to fried or baked",Survey (FNDDS),potato baked,1.9,15.46,24.4,237.0
2709459,"Potato, french fries, from fresh, baked",Survey (FNDDS),potato baked,2.02,9.16,19.34,166.0
2709460,"Potato, french fries, from frozen, baked",Survey (FNDDS),potato baked,2.75,5.48,25.55,158.0
170093,"Potatoes, baked, flesh and skin, without salt",SR Legacy,potato baked,2.5,0.13,21.2,93.0
169046,"Snacks, potato chips, white, restructured, baked",SR Legacy,potato baked,5.0,18.2,71.4,469.0
170542,"Sweet potato, frozen, cooked, baked, with salt",SR Legacy,potato baked,1.71,0.12,23.4,419.0
170134,"Sweet potato, cooked, baked in skin, flesh, with salt",SR Legacy,potato baked,2.01,0.15,20.7,90.0
169307,"Sweet potato, frozen, cooked, baked, without salt",SR Legacy,potato baked,1.71,0.12,23.4,100.0
168483,"Sweet potato, cooked, baked in skin, flesh, without salt",SR Legacy,potato baked,2.01,0.15,20.7,378.0
2707390,Baked beans,Survey (FNDDS),potato baked,4.52,0.89,21.57,105.0
2709220,"Apple, baked",Survey (FNDDS),potato baked,0.32,3.08,22.7,113.0
2709225,"Banana, baked",Survey (FNDDS),potato baked,0.82,3.21,32.43,161.0
172738,"Puff pastry, frozen, ready-to-bake, baked",SR Legacy,potato baked,7.4,38.5,45.7,558.0
2707816,"Corn pone, baked",Survey (FNDDS),potato baked,3.5,4.31,39.68,214.0
2707391,"Baked beans, vegetarian",Survey (FNDDS),potato baked,4.75,0.37,21.14,94.0
2706340,"Clams, baked or broiled",Survey (FNDDS),potato baked,18.23,5.73,4.44,148.0
2706352,"Oysters, baked or broiled",Survey (FNDDS),potato baked,7.11,6.66,3.39,104.0
169131,"Plantains, yellow, baked",SR Legacy,potato baked,1.52,0.16,41.4,650.0
2706356,"Scallops, baked or broiled",Survey (FNDDS),potato baked,14.99,5.14,3.96,126.0
2706361,"Shrimp, baked or broiled",Survey (FNDDS),potato baked,16.92,5.79,1.14,129.0
172800,"Taco shells, baked",SR Legacy,potato baked,6.41,21.8,63.5,1990.0
2709510,Potato patty,Survey (FNDDS),potato baked,3.89,11.32,13.49,171.0
2709556,"Soup, potato",Survey (FNDDS),potato baked,1.51,4.71,10.53,90.0
2709382,"Potato, NFS",Survey (FNDDS),potato baked,1.87,4.25,20.45,126.0
2709552,Potato pancake,Survey (FNDDS),potato baked,4.47,10.8,20.64,196.0
2709554,Stewed potatoes,Survey (FNDDS),potato baked,1.99,3.39,16.26,103.0
167943,"Bread, potato",SR Legacy,potato baked,12.5,3.13,47.1,266.0
2707642,"Bread, potato",Survey (FNDDS),potato baked,12.5,3.13,47.07,266.0
2708722,"Gnocchi, potato",Survey (FNDDS),potato baked,2.44,6.33,17.2,135.0
168446,Potato flour,SR Legacy,potato baked,6.9,0.34,83.1,1490.0
170092,Potato pancakes,SR Legacy,potato baked,6.08,14.8,27.8,1120.0
2707410,"Baked beans, reduced sodium",Survey (FNDDS),potato baked,4.77,0.4,20.35,104.0
167999,"Baking chocolate, mexican, squares",SR Legacy,potato baked,3.64,15.6,77.4,1780.0
167567,"Baking chocolate, unsweetened, liquid",SR Legacy,potato baked,12.1,47.7,36.2,1980.0
167568,"Baking chocolate, unsweetened, squares",SR Legacy,potato baked,14.3,52.3,28.4,642.0
175183,"Beans, baked, canned, with beef",SR Legacy,potato baked,6.38,3.45,16.9,121.0
175184,"Beans, baked, canned, with franks",SR Legacy,potato baked,6.75,6.57,15.4,142.0
175185,"Beans, baked, canned, with pork",SR Legacy,potato baked,5.19,1.55,20.0,443.0
173731,"Beans, baked, home prepared",SR Legacy,potato baked,5.54,5.15,21.6,649.0
2706069,"Chicken wing, baked, coated",Survey (FNDDS),potato baked,21.42,16.87,3.98,260.0
2707962,"Cookie, rum ball, no bake",Survey (FNDDS),potato baked,5.37,26.22,63.78,514.0
2706295,"Fish, bass, baked or broiled",Survey (FNDDS),potato baked,22.9,7.02,0.01,161.0
2706235,"Fish, catfish, baked or broiled",Survey (FNDDS),potato baked,18.93,11.91,0.01,189.0
2709385,"Potato, boiled, NFS",Survey (FNDDS),potato boiled,1.87,4.25,20.45,126.0
2709386,"Potato, boiled, ready-to-heat",Survey (FNDDS),potato boiled,1.87,4.25,20.45,126.0
2709703,"Sweet potato, boiled, fat added",Survey (FNDDS),potato boiled,1.58,4.53,17.14,115.0
2709702,"Sweet potato, boiled, no added fat",Survey (FNDDS),potato boiled,1.64,0.39,17.98,82.0
2709701,"Sweet potato, boiled, NS as to fat",Survey (FNDDS),potato boiled,1.58,4.53,17.14,115.0
170114,"Potatoes, boiled, cooked in skin, flesh, with salt",SR Legacy,potato boiled,1.87,0.1,20.1,364.0
170519,"Potatoes, boiled, cooked in skin, skin, with salt",SR Legacy,potato boiled,2.86,0.1,17.2,78.0
168484,"Sweet potato, cooked, boiled, without skin",SR Legacy,potato boiled,1.37,0.14,17.7,320.0
170438,"Potatoes, boiled, cooked in skin, flesh, without salt",SR Legacy,potato boiled,1.87,0.1,20.1,364.0
170439,"Potatoes, boiled, cooked in skin, skin, without salt",SR Legacy,potato boiled,2.86,0.1,17.2,78.0
170520,"Potatoes, boiled, cooked without skin, flesh, with salt",SR Legacy,potato boiled,1.71,0.1,20.0,86.0
170116,"Potatoes, frozen, whole, cooked, boiled, drained, with salt",SR Legacy,potato boiled,1.98,0.13,13.9,262.0
170541,"Sweet potato, cooked, boiled, without skin, with salt",SR Legacy,potato boiled,1.37,0.14,17.7,320.0
2709396,"Potato, boiled, from fresh, peel eaten, made with oil",Survey (FNDDS),potato boiled,2.37,4.87,20.07,131.0
2709393,"Potato, boiled, from fresh, peel eaten, NS as to fat",Survey (FNDDS),potato boiled,2.39,4.28,20.08,126.0
2709398,"Potato, boiled, from fresh, peel eaten, made with margarine",Survey (FNDDS),potato boiled,2.38,3.21,20.1,116.0
2709395,"Potato, boiled, from fresh, peel eaten, no added fat",Survey (FNDDS),potato boiled,2.49,0.13,21.07,93.0
2709390,"Potato, boiled, from fresh, peel not eaten, made with oil",Survey (FNDDS),potato boiled,1.86,4.84,20.45,131.0
2709387,"Potato, boiled, from fresh, peel not eaten, NS as to fat",Survey (FNDDS),potato boiled,1.87,4.25,20.45,126.0
2709397,"Potato, boiled, from fresh, peel eaten, made with butter",Survey (FNDDS),potato boiled,2.41,4.02,20.07,123.0
2709392,"Potato, boiled, from fresh, peel not eaten, made with margarine",Survey (FNDDS),potato boiled,1.87,3.18,20.48,116.0
2709388,"Potato, boiled, from fresh, peel not eaten, no added fat",Survey (FNDDS),potato boiled,1.95,0.1,21.46,93.0
2709391,"Potato, boiled, from fresh, peel not eaten, made with butter",Survey (FNDDS),potato boiled,1.9,3.99,20.45,123.0
2707513,"Peanuts, boiled",Survey (FNDDS),potato boiled,13.5,22.01,21.26,318.0
170440,"Potatoes, boiled, cooked without skin, flesh, without salt",SR Legacy,potato boiled,1.71,0.1,20.0,86.0
170049,"Potatoes, frozen, whole, cooked, boiled, drained, without salt",SR Legacy,potato boiled,1.98,0.13,14.5,65.0
171119,"Chicken, feet, boiled",SR Legacy,potato boiled,19.4,14.6,0.2,215.0
2706342,"Clams, steamed or boiled",Survey (FNDDS),potato boiled,18.57,1.22,4.52,109.0
168216,"Plantains, green, boiled",SR Legacy,potato boiled,1.09,0.08,29.2,121.0
2706358,"Scallops, steamed or boiled",Survey (FNDDS),potato boiled,15.24,0.62,4.02,87.0
2706363,"Shrimp, steamed or boiled",Survey (FNDDS),potato boiled,17.19,1.28,1.15,90.0
2707154,"Egg, whole, boiled or poached",Survey (FNDDS),potato boiled,12.4,9.96,0.96,143.0
2709394,"Potato, boiled, from fresh, peel eaten, fat added, NS as to fat type",Survey (FNDDS),potato boiled,2.39,4.28,20.08,126.0
2709389,"Potato, boiled, from fresh, peel not eaten, fat added, NS as to fat type",Survey (FNDDS),potato boiled,1.87,4.25,20.45,126.0
168390,"Asparagus, cooked, boiled, drained",SR Legacy,potato boiled,2.4,0.22,4.11,94.0
169146,"Beets, cooked, boiled, drained",SR Legacy,potato boiled,1.68,0.18,9.96,44.0
170145,"Seeds, breadfruit seeds, boiled",SR Legacy,potato boiled,5.3,2.3,32.0,168.0
168493,"Arrowhead, cooked, boiled, drained, with salt",SR Legacy,potato boiled,4.49,0.1,16.1,78.0
169313,"Asparagus, cooked, boiled, drained, with salt",SR Legacy,potato boiled,2.4,0.22,4.11,22.0
168506,"Beets, cooked, boiled. drained, with salt",SR Legacy,potato boiled,1.68,0.18,9.96,44.0
168509,"Borage, cooked, boiled, drained, with salt",SR Legacy,potato boiled,2.09,0.81,3.55,25.0
168510,"Broccoli, cooked, boiled, drained, with salt",SR Legacy,potato boiled,2.38,0.41,7.18,146.0
169334,"Butterbur, cooked, boiled, drained, with salt",SR Legacy,potato boiled,0.23,0.02,2.16,8.0
169338,"Cardoon, cooked, boiled, drained, with salt",SR Legacy,potato boiled,0.76,0.11,4.74,82.0
169339,"Carrots, cooked, boiled, drained, with salt",SR Legacy,potato boiled,0.76,0.18,8.22,147.0
168520,"Cauliflower, cooked, boiled, drained, with salt",SR Legacy,potato boiled,1.84,0.45,4.11,96.0
169341,"Celeriac, cooked, boiled, drained, with salt",SR Legacy,potato boiled,0.96,0.19,5.9,27.0
169342,"Celery, cooked, boiled, drained, with salt",SR Legacy,potato boiled,0.83,0.16,4.0,74.0
168523,"Collards, cooked, boiled, drained, with salt",SR Legacy,potato boiled,2.71,0.72,5.65,33.0
169371,"Dock, cooked, boiled, drained, with salt",SR Legacy,potato boiled,1.83,0.64,2.93,20.0
173424,"Egg, whole, cooked, hard-boiled",SR Legacy,potato boiled,12.6,10.6,1.12,155.0
169352,"Eggplant, cooked, boiled, drained, with salt",SR Legacy,potato boiled,0.83,0.23,8.14,138.0
171633,"Frankfurter, meat and poultry, cooked, boiled",SR Legacy,potato boiled,10.3,26.3,4.96,1240.0
169355,"Kale, cooked, boiled, drained, with salt",SR Legacy,potato boiled,2.94,1.21,5.3,44.0
169357,"Kohlrabi, cooked, boiled, drained, with salt",SR Legacy,potato boiled,1.8,0.11,6.69,29.0
168534,"Lambsquarters, cooked, boiled, drained, with salt",SR Legacy,potato boiled,3.2,0.7,5.0,134.0
170166,"Nuts, chestnuts, chinese, boiled and steamed",SR Legacy,potato boiled,2.88,0.76,33.6,153.0
170168,"Nuts, chestnuts, european, boiled and steamed",SR Legacy,potato boiled,2.0,1.38,27.8,131.0
168589,"Nuts, chestnuts, japanese, boiled and steamed",SR Legacy,potato boiled,0.82,0.19,12.6,56.0
170098,"Okra, cooked, boiled, drained, with salt",SR Legacy,potato boiled,1.87,0.21,4.51,22.0
170100,"Onions, cooked, boiled, drained, with salt",SR Legacy,potato boiled,1.36,0.19,9.56,176.0
170508,"Parsnips, cooked, boiled, drained, with salt",SR Legacy,potato boiled,1.32,0.3,17.0,71.0
170526,"Pumpkin, cooked, boiled, drained, with salt",SR Legacy,potato boiled,0.72,0.07,4.31,18.0
170121,"Purslane, cooked, boiled, drained, with salt",SR Legacy,potato boiled,1.49,0.19,3.55,18.0
170528,"Rutabagas, cooked, boiled, drained, with salt",SR Legacy,potato boiled,0.93,0.18,6.84,30.0
170529,"Salsify, cooked, boiled, drained, with salt",SR Legacy,potato boiled,2.73,0.17,15.4,68.0
170531,"Spinach, cooked, boiled, drained, with salt",SR Legacy,potato boiled,2.97,0.26,3.75,23.0
167632,"Squash, Indian, cooked, boiled (Navajo)",SR Legacy,potato boiled,0.31,0.15,3.22,65.0
170547,"Turnips, cooked, boiled, drained, with salt",SR Legacy,potato boiled,0.71,0.08,5.06,92.0
168492,"Amaranth leaves, cooked, boiled, drained, with salt",SR Legacy,potato boiled,2.11,0.18,4.11,21.0
173928,"Apples, raw, without skin, cooked, boiled",SR Legacy,potato boiled,0.26,0.36,13.6,222.0
169204,"Arrowhead, cooked, boiled, drained, without salt",SR Legacy,potato boiled,4.49,0.1,16.1,78.0
168494,"Asparagus, frozen, cooked, boiled, drained, with salt",SR Legacy,potato boiled,2.95,0.42,1.92,74.0
168497,"Bamboo shoots, cooked, boiled, drained, with salt",SR Legacy,potato boiled,1.53,0.22,1.52,46.0
168508,"Beet greens, cooked, boiled, drained, with salt",SR Legacy,potato boiled,2.57,0.2,5.46,113.0
2709715,Sweet potato tots,Survey (FNDDS),sweet potato baked,2.26,9.35,37.3,191.0
2707648,"Bread, sweet potato",Survey (FNDDS),sweet potato baked,8.64,2.87,45.38,241.0
2708012,"Pie, sweet potato",Survey (FNDDS),sweet potato baked,4.96,9.75,41.08,269.0
2709710,Sweet potato chips,Survey (FNDDS),sweet potato baked,2.92,32.19,56.54,529.0
2710308,Sweet potato paste,Survey (FNDDS),sweet potato baked,0.49,0.34,75.14,305.0
2709704,"Sweet potato, candied",Survey (FNDDS),sweet potato baked,1.18,3.48,37.69,187.0
2709697,"Sweet potato, NFS",Survey (FNDDS),sweet potato baked,1.58,4.53,17.14,115.0
2709717,"Sweet potato tots, school",Survey (FNDDS),sweet potato baked,2.27,9.39,37.45,192.0
2709708,"Sweet potato, casserole or mashed",Survey (FNDDS),sweet potato baked,1.89,2.56,17.22,99.0
2707649,"Bread, sweet potato, toasted",Survey (FNDDS),sweet potato baked,9.5,3.15,49.87,265.0
2709711,"Sweet potato fries, frozen",Survey (FNDDS),sweet potato baked,2.27,9.39,37.45,192.0
2709709,"Sweet potato fries, NFS",Survey (FNDDS),sweet potato baked,2.27,9.39,37.45,192.0
2709714,"Sweet potato fries, school",Survey (FNDDS),sweet potato baked,2.27,9.39,37.45,192.0
169303,"Sweet potato leaves, raw",SR Legacy,sweet potato baked,2.49,0.51,8.82,42.0
169305,"Sweet potato, canned, mashed",SR Legacy,sweet potato baked,1.98,0.2,23.2,421.0
2710794,"Sweet potato, cooked, as ingredient",Survey (FNDDS),sweet potato baked,1.65,0.4,18.05,82.0
173732,"Beans, baked, canned, with pork and sweet sauce",SR Legacy,sweet potato baked,4.52,0.89,21.6,105.0
172317,"Babyfood, corn and sweet potatoes, strained",SR Legacy,sweet potato baked,1.26,0.28,15.2,287.0
169042,"Babyfood, juice, apple-sweet potato",SR Legacy,sweet potato baked,0.3,0.1,11.4,47.0
172276,"Babyfood, vegetables, sweet potatoes strained",SR Legacy,sweet potato baked,1.1,0.1,13.2,57.0
172277,"Babyfood, vegetables, sweet potatoes, junior",SR Legacy,sweet potato baked,1.1,0.1,14.0,60.0
2709712,"Sweet potato fries, from fresh",Survey (FNDDS),sweet potato baked,1.49,9.42,16.35,156.0
168016,"Sweet Potato puffs, frozen, unprepared",SR Legacy,sweet potato baked,1.36,3.58,30.7,161.0
2709707,"Sweet potato, canned, fat added",Survey (FNDDS),sweet potato baked,1.58,4.35,20.05,124.0
2709706,"Sweet potato, canned, no added fat",Survey (FNDDS),sweet potato baked,1.64,0.2,21.04,91.0
2709705,"Sweet potato, canned, NS as to fat",Survey (FNDDS),sweet potato baked,1.58,4.35,20.05,124.0
168485,"Sweet potato, canned, vacuum pack",SR Legacy,sweet potato baked,1.65,0.2,21.1,91.0
2709716,"Sweet potato tots, fast food / restaurant",Survey (FNDDS),sweet potato baked,2.12,15.6,34.87,240.0
172799,"Sweet rolls, cinnamon, refrigerated dough with frosting, baked",SR Legacy,sweet potato baked,5.4,13.2,56.1,362.0
2710122,"Baby Toddler sweet potatoes, Stage 1",Survey (FNDDS),sweet potato baked,1.1,0.1,13.2,57.0
2710123,"Baby Toddler sweet potatoes, Stage 2",Survey (FNDDS),sweet potato baked,1.1,0.1,14.0,60.0
173521,"Babyfood, dinner, sweet potatoes and chicken, strained",SR Legacy,sweet potato baked,2.51,2.17,11.0,310.0
168540,"Corn, sweet, white, cooked, boiled, drained, with salt",SR Legacy,sweet potato boiled,3.34,1.41,21.7,97.0
168525,"Corn, sweet, yellow, cooked, boiled, drained, with salt",SR Legacy,sweet potato boiled,3.41,1.5,21.0,96.0
170109,"Peppers, sweet, green, cooked, boiled, drained, with salt",SR Legacy,sweet potato boiled,0.92,0.2,6.11,108.0
170515,"Peppers, sweet, red, cooked, boiled, drained, with salt",SR Legacy,sweet potato boiled,0.92,0.2,6.11,26.0
168539,"Corn, sweet, white, cooked, boiled, drained, without salt",SR Legacy,sweet potato boiled,3.34,1.41,21.7,408.0
169999,"Corn, sweet, yellow, cooked, boiled, drained, without salt",SR Legacy,sweet potato boiled,3.41,1.5,21.0,401.0
170428,"Peppers, sweet, green, cooked, boiled, drained, without salt",SR Legacy,sweet potato boiled,0.92,0.2,6.7,117.0
170110,"Peppers, sweet, red, cooked, boiled, drained, without salt",SR Legacy,sweet potato boiled,0.92,0.2,6.7,117.0
168549,"Peppers, sweet, red, frozen, chopped, boiled, drained, with salt",SR Legacy,sweet potato boiled,0.95,0.18,3.31,16.0
170023,"Peppers, sweet, green, frozen, chopped, boiled, drained, without salt",SR Legacy,sweet potato boiled,0.95,0.18,3.9,18.0
170516,"Peppers, sweet, green, frozen, chopped, cooked, boiled, drained, with salt",SR Legacy,sweet potato boiled,0.95,0.18,3.31,16.0
168548,"Peppers, sweet, red, frozen, chopped, boiled, drained, without salt",SR Legacy,sweet potato boiled,0.95,0.18,3.31,65.0
169367,"Corn, sweet, white, frozen, kernels on cob, cooked, boiled, drained, with salt",SR Legacy,sweet potato boiled,3.11,0.74,22.3,391.0
169349,"Corn, sweet, yellow, frozen, kernels on cob, cooked, boiled, drained, with salt",SR Legacy,sweet potato boiled,3.11,0.74,22.3,94.0
2708398,"Oatmeal, multigrain",Survey (FNDDS),oatmeal cooked,2.12,0.46,12.19,56.0
2708380,"Oatmeal, NFS",Survey (FNDDS),oatmeal cooked,2.18,2.63,11.17,76.0
172678,"Bread, oatmeal",SR Legacy,oatmeal cooked,8.4,4.4,48.5,269.0
2707768,"Bread, oatmeal",Survey (FNDDS),oatmeal cooked,8.4,4.4,48.5,269.0
2707945,"Cookie, oatmeal",Survey (FNDDS),oatmeal cooked,6.2,18.1,68.7,450.0
2708136,"Crackers, oatmeal",Survey (FNDDS),oatmeal cooked,7.3,16.4,70.73,455.0
2707839,"Muffin, oatmeal",Survey (FNDDS),oatmeal cooked,6.43,18.92,43.94,370.0
2708016,"Pie, oatmeal",Survey (FNDDS),oatmeal cooked,6.14,16.02,56.92,396.0
2707773,"Roll, oatmeal",Survey (FNDDS),oatmeal cooked,8.4,4.4,48.5,269.0
2707946,"Cookie, oatmeal, with raisins",Survey (FNDDS),oatmeal cooked,6.2,18.1,68.7,450.0
2708100,"Snack bar, oatmeal",Survey (FNDDS),oatmeal cooked,6.67,6.67,75.47,389.0
2708397,"Oatmeal, reduced sugar",Survey (FNDDS),oatmeal cooked,2.35,1.28,16.62,85.0
2707769,"Bread, oatmeal, toasted",Survey (FNDDS),oatmeal cooked,9.23,4.84,53.3,296.0
172679,"Bread, oatmeal, toasted",SR Legacy,oatmeal cooked,9.2,4.8,52.7,292.0
174963,"Cookies, oatmeal, with raisins",SR Legacy,oatmeal cooked,5.86,15.8,69.0,1850.0
2708379,"Oatmeal, fast food, flavored",Survey (FNDDS),oatmeal cooked,2.4,2.33,20.34,110.0
2708378,"Oatmeal, fast food, plain",Survey (FNDDS),oatmeal cooked,2.6,2.54,11.9,80.0
174919,"Bread, reduced-calorie, oatmeal",SR Legacy,oatmeal cooked,7.6,3.5,43.3,210.0
2707986,"Cookie, oatmeal, reduced sugar",Survey (FNDDS),oatmeal cooked,4.8,18.0,69.9,449.0
2707949,"Cookie, oatmeal, with chocolate chips",Survey (FNDDS),oatmeal cooked,5.72,20.92,67.56,457.0
174960,"Cookies, oatmeal, dry mix",SR Legacy,oatmeal cooked,6.5,19.2,67.3,462.0
171865,"Cookies, oatmeal, reduced fat",SR Legacy,oatmeal cooked,4.02,10.0,64.6,1530.0
174961,"Cookies, oatmeal, refrigerated dough",SR Legacy,oatmeal cooked,5.4,18.9,59.1,424.0
333008,"Cookies, oatmeal, soft, with raisins",Foundation,oatmeal cooked,5.79,14.3,69.6,1800.0
2707948,"Cookie, oatmeal sandwich, with creme filling",Survey (FNDDS),oatmeal cooked,2.61,18.29,55.62,398.0
175074,"Archway Home Style Cookies, Oatmeal",SR Legacy,oatmeal cooked,5.48,14.1,68.2,421.0
2708492,"Baby Toddler cereal, oatmeal, dry",Survey (FNDDS),oatmeal cooked,10.99,6.36,73.48,394.0
171360,"Babyfood, cereal, oatmeal, dry fortified",SR Legacy,oatmeal cooked,11.0,6.36,73.5,394.0
171361,"Babyfood, cereal, oatmeal, with bananas, dry",SR Legacy,oatmeal cooked,6.67,6.67,78.1,1670.0
170968,"Babyfood, cereal, oatmeal, with honey, dry",SR Legacy,oatmeal cooked,13.5,7.0,69.3,391.0
171842,"Cookies, oatmeal sandwich, with creme filling",SR Legacy,oatmeal cooked,2.61,18.3,55.6,398.0
172725,"Cookies, oatmeal, commercially prepared, regular",SR Legacy,oatmeal cooked,6.2,18.1,68.7,450.0
174962,"Cookies, oatmeal, refrigerated dough, baked",SR Legacy,oatmeal cooked,6.0,21.0,65.7,471.0
2707947,"Cookie, oatmeal, reduced fat, NS as to raisins",Survey (FNDDS),oatmeal cooked,4.02,10.04,64.62,365.0
174660,"Cereals, QUAKER, Instant Oatmeal Organic, Regular",SR Legacy,oatmeal cooked,16.0,6.3,67.0,1540.0
2705964,"Chicken breast, rotisserie, skin not eaten",Survey (FNDDS),chicken breast,28.04,3.57,0.0,144.0
171515,"Chicken breast tenders, breaded, uncooked",SR Legacy,chicken breast,14.7,15.8,15.0,1100.0
174608,"Chicken breast, roll, oven-roasted",SR Legacy,chicken breast,14.6,7.65,1.79,562.0
2705963,"Chicken breast, rotisserie, skin eaten",Survey (FNDDS),chicken breast,26.37,7.67,0.09,175.0
2705971,"Chicken breast, sauteed, skin eaten",Survey (FNDDS),chicken breast,25.72,10.62,0.0,206.0
2705972,"Chicken breast, sauteed, skin not eaten",Survey (FNDDS),chicken breast,29.62,5.45,0.0,176.0
2705965,"Chicken breast, stewed, skin eaten",Survey (FNDDS),chicken breast,24.7,8.28,0.0,181.0
2705966,"Chicken breast, stewed, skin not eaten",Survey (FNDDS),chicken breast,27.96,3.26,0.0,149.0
171514,"Chicken breast tenders, breaded, cooked, microwaved",SR Legacy,chicken breast,16.4,12.9,17.6,252.0
2705969,"Chicken breast, grilled with sauce, skin eaten",Survey (FNDDS),chicken breast,21.15,9.15,7.34,202.0
2705970,"Chicken breast, grilled with sauce, skin not eaten",Survey (FNDDS),chicken breast,24.33,4.93,7.34,178.0
172945,"Oscar Mayer, Chicken Breast (honey glazed)",SR Legacy,chicken breast,19.8,1.5,4.3,454.0
2705980,"Chicken breast, baked, coated, skin / coating eaten",Survey (FNDDS),chicken breast,23.75,9.9,4.01,207.0
2705981,"Chicken breast, baked, coated, skin / coating not eaten",Survey (FNDDS),chicken breast,29.62,5.45,0.0,176.0
173874,"Chicken breast, deli, rotisserie seasoned, sliced, prepackaged",SR Legacy,chicken breast,17.4,1.86,2.92,410.0
172962,"Chicken breast, fat-free, mesquite flavor, sliced",SR Legacy,chicken breast,16.8,0.39,2.25,334.0
2705967,"Chicken breast, grilled without sauce, skin eaten",Survey (FNDDS),chicken breast,25.72,10.62,0.0,206.0
2705968,"Chicken breast, grilled without sauce, skin not eaten",Survey (FNDDS),chicken breast,29.62,5.45,0.0,176.0
2705953,"Chicken breast, NS as to cooking method, skin eaten",Survey (FNDDS),chicken breast,26.37,7.67,0.09,175.0
2705954,"Chicken breast, NS as to cooking method, skin not eaten",Survey (FNDDS),chicken breast,28.04,3.57,0.0,144.0
172963,"Chicken breast, oven-roasted, fat-free, sliced",SR Legacy,chicken breast,16.8,0.39,2.17,332.0
171125,"Chicken, broiler, rotisserie, BBQ, breast, meat and skin",SR Legacy,chicken breast,26.4,7.67,0.09,175.0
171445,"Chicken, broiler, rotisserie, BBQ, breast, meat only",SR Legacy,chicken breast,28.0,3.57,0.0,144.0
2016166,SALMON,Branded,salmon,15.2,7.95,2.65,139.0
1028841,SALMON,Branded,salmon,19.0,15.5,0.0,232.0
2470000,SALMON,Branded,salmon,20.7,13.2,0.0,207.0
1895461,SALMON,Branded,salmon,21.8,11.8,1.82,209.0
2706850,Lomi salmon,Survey (FNDDS),salmon,7.55,1.86,3.31,60.0
2706826,Salmon salad,Survey (FNDDS),salmon,10.82,17.36,2.73,213.0
2706291,"Fish, salmon, canned",Survey (FNDDS),salmon,24.62,4.21,0.0,136.0
2706289,"Fish, salmon, fried",Survey (FNDDS),salmon,17.45,20.68,11.72,307.0
2706287,"Fish, salmon, grilled",Survey (FNDDS),salmon,25.92,16.48,0.0,259.0
2706285,"Fish, salmon, NFS",Survey (FNDDS),salmon,25.4,18.4,0.01,274.0
2706284,"Fish, salmon, raw",Survey (FNDDS),salmon,20.44,11.16,0.0,188.0
2706292,"Fish, salmon, smoked",Survey (FNDDS),salmon,18.28,4.32,0.0,117.0
2706290,"Fish, salmon, steamed",Survey (FNDDS),salmon,25.82,14.1,0.0,237.0
2707023,Salmon cake sandwich,Survey (FNDDS),salmon,13.86,15.93,19.37,279.0
2708963,"Sushi roll, salmon",Survey (FNDDS),salmon,6.88,1.28,15.3,103.0
2708969,"Sushi, topped with salmon",Survey (FNDDS),salmon,8.92,1.74,13.39,107.0
2706552,"Fish, salmon cake or patty",Survey (FNDDS),salmon,16.07,22.1,4.46,285.0
2706286,"Fish, salmon, baked or broiled",Survey (FNDDS),salmon,25.4,18.4,0.01,274.0
173688,"Fish, salmon, chinook, raw",SR Legacy,salmon,19.9,10.4,0.0,750.0
173687,"Fish, salmon, chinook, smoked",SR Legacy,salmon,18.3,4.32,0.0,117.0
173689,"Fish, salmon, chum, raw",SR Legacy,salmon,20.1,3.77,0.0,120.0
175138,"Fish, salmon, pink, raw",SR Legacy,salmon,20.5,4.4,0.0,532.0
173691,"Fish, salmon, sockeye, raw",SR Legacy,salmon,22.2,4.69,0.0,131.0
2706578,"Stewed salmon, Puerto Rican style",Survey (FNDDS),salmon,12.02,7.02,8.47,146.0
175167,"Fish, salmon, Atlantic, farmed, raw",SR Legacy,salmon,20.4,13.4,0.0,871.0
173686,"Fish, salmon, Atlantic, wild, raw",SR Legacy,salmon,19.8,6.34,0.0,142.0
2706288,"Fish, salmon, baked or broiled, coated",Survey (FNDDS),salmon,22.7,16.58,7.79,277.0
173715,"Fish, salmon, coho, farmed, raw",SR Legacy,salmon,21.3,7.67,0.0,160.0
175136,"Fish, salmon, coho, wild, raw",SR Legacy,salmon,21.6,5.93,0.0,146.0
173721,"Salmon nuggets, breaded, frozen, heated",SR Legacy,salmon,12.7,11.7,14.0,212.0
173722,"Salmon nuggets, cooked as purchased, unheated",SR Legacy,salmon,12.0,10.4,11.8,189.0
171999,"Fish, salmon, chinook, cooked, dry heat",SR Legacy,salmon,25.7,13.4,0.0,231.0
171985,"Fish, salmon, chinook, smoked, (lox), regular",SR Legacy,salmon,18.3,4.32,0.0,117.0
172000,"Fish, salmon, chum, cooked, dry heat",SR Legacy,salmon,25.8,4.83,0.0,154.0
168054,"Fish, salmon, chum, dried (Alaska Native)",SR Legacy,salmon,62.1,14.4,0.0,1580.0
168046,"Fish, Salmon, Chum, raw (Alaska Native)",SR Legacy,salmon,20.7,3.67,0.0,484.0
175175,"Fish, salmon, pink, canned, drained solids",SR Legacy,salmon,23.1,5.02,0.0,576.0
172001,"Fish, salmon, pink, cooked, dry heat",SR Legacy,salmon,24.6,5.28,0.0,153.0
173693,"Fish, salmon, sockeye, canned, drained solids",SR Legacy,salmon,23.6,7.39,0.0,701.0
173692,"Fish, salmon, sockeye, cooked, dry heat",SR Legacy,salmon,26.5,5.57,0.0,653.0
168023,"Fish, salmon, tipnuk, fermented (Alaska Native)",SR Legacy,salmon,15.9,10.6,0.0,665.0
175174,"Salmon, sockeye, canned, total can contents",SR Legacy,salmon,20.6,7.17,0.0,153.0
175168,"Fish, salmon, Atlantic, farmed, cooked, dry heat",SR Legacy,salmon,22.1,12.4,0.0,861.0
171998,"Fish, salmon, Atlantic, wild, cooked, dry heat",SR Legacy,salmon,25.4,8.13,0.0,182.0
175135,"Fish, salmon, chum, canned, drained solids with bone",SR Legacy,salmon,21.4,5.5,0.0,141.0
167639,"Fish, salmon, coho (silver), raw (Alaska Native)",SR Legacy,salmon,22.6,5.57,0.0,587.0
173716,"Fish, salmon, coho, farmed, cooked, dry heat",SR Legacy,salmon,24.3,8.23,0.0,178.0
173719,"Fish, salmon, coho, wild, cooked, dry heat",SR Legacy,salmon,23.4,4.3,0.0,139.0
175137,"Fish, salmon, coho, wild, cooked, moist heat",SR Legacy,salmon,27.4,7.5,0.0,184.0
168047,"Fish, salmon, king (chinook), raw (Alaska Native)",SR Legacy,salmon,20.2,11.7,0.0,781.0
167616,"Fish, salmon, king, chinook, liver (Alaska Native)",SR Legacy,salmon,16.6,8.0,4.3,156.0
167647,"Fish, salmon, king, with skin, kippered, (Alaska Native)",SR Legacy,salmon,23.2,13.0,0.0,209.0
173690,"Fish, salmon, pink, canned, total can contents",SR Legacy,salmon,19.7,4.97,0.0,129.0
167646,"Fish, salmon, red, (sockeye), kippered (Alaska Native)",SR Legacy,salmon,24.5,4.75,0.0,589.0
168045,"Fish, salmon, sockeye (red), raw (Alaska Native)",SR Legacy,salmon,21.9,7.28,0.0,641.0
168024,"Fish, salmon, king, chinook, kippered, canned (Alaska Native)",SR Legacy,salmon,30.7,15.9,0.0,266.0
167614,"Fish, salmon, king, chinook, smoked and canned (Alaska Native)",SR Legacy,salmon,23.2,5.9,0.0,627.0
167615,"Fish, salmon, king, chinook, smoked, brined (Alaska Native)",SR Legacy,salmon,39.9,30.0,0.0,1800.0
167645,"Fish, salmon, red, (sockeye), canned, smoked (Alaska Native)",SR Legacy,salmon,35.2,7.26,0.0,206.0
167642,"Fish, salmon, red, canned, bones removed (Alaska Native)",SR Legacy,salmon,27.3,5.76,0.0,674.0
169813,"Salmon, red (sockeye), filets with skin, smoked (Alaska Native)",SR Legacy,salmon,60.6,11.4,0.0,345.0
173723,"Salmon, sockeye, canned, drained solids, without skin and bones",SR Legacy,salmon,26.3,5.87,0.0,158.0
174224,"Fish, salmon, chum, canned, without salt, drained solids with bone",SR Legacy,salmon,21.4,5.5,0.0,141.0
173724,"Fish, Salmon, pink, canned, drained solids, without skin and bones",SR Legacy,salmon,24.6,4.21,0.0,570.0
174225,"Fish, salmon, pink, canned, without salt, solids with bone and liquid",SR Legacy,salmon,19.8,6.05,0.0,139.0
174226,"Fish, salmon, sockeye, canned, without salt, drained solids with bone",SR Legacy,salmon,20.5,7.31,0.0,153.0
2482348,"SALMON JERKY, SALMON",Branded,salmon,42.9,7.14,0.0,321.0
2158914,"SALMON POKE, SALMON",Branded,salmon,4.71,3.03,29.3,162.0
2214728,"SALMON SEASONING, SALMON",Branded,salmon,0.0,0.0,111.0,0.0
175160,"Fish, tuna salad",SR Legacy,tuna,16.0,9.26,9.41,187.0
2706311,"Fish, tuna, canned",Survey (FNDDS),tuna,19.0,0.94,0.08,85.0
2706310,"Fish, tuna, cooked",Survey (FNDDS),tuna,30.31,5.14,0.01,176.0
2706309,"Fish, tuna, NFS",Survey (FNDDS),tuna,19.0,0.94,0.08,85.0
2706308,"Fish, tuna, raw",Survey (FNDDS),tuna,24.4,0.49,0.0,109.0
2708965,Sushi roll tuna,Survey (FNDDS),tuna,7.4,0.26,15.3,97.0
2708971,"Sushi, topped with tuna",Survey (FNDDS),tuna,9.66,0.29,13.39,100.0
2706560,Tuna cake or patty,Survey (FNDDS),tuna,15.33,14.92,2.65,206.0
2706839,Tuna salad with cheese,Survey (FNDDS),tuna,11.33,17.58,2.85,214.0
2706840,Tuna salad with egg,Survey (FNDDS),tuna,10.28,15.4,2.74,190.0
2707034,Tuna salad sandwich on white,Survey (FNDDS),tuna,9.86,11.76,18.33,218.0
2707038,Tuna salad sandwich wrap,Survey (FNDDS),tuna,10.59,14.82,16.99,244.0
2707036,Tuna salad sandwich on wheat,Survey (FNDDS),tuna,10.52,11.89,17.07,217.0
2706572,Tuna and rice with mushroom sauce,Survey (FNDDS),tuna,4.57,5.17,15.39,128.0
2706828,"Tuna salad, made with mayonnaise",Survey (FNDDS),tuna,10.07,15.84,2.89,194.0
2706450,Tuna with cream or white sauce,Survey (FNDDS),tuna,14.42,3.71,2.81,102.0
2707035,"Tuna salad sandwich on white, with cheese",Survey (FNDDS),tuna,10.96,13.5,16.94,233.0
2707037,"Tuna salad sandwich on wheat, with cheese",Survey (FNDDS),tuna,11.55,13.62,15.81,232.0
173706,"Fish, tuna, fresh, bluefin, raw",SR Legacy,tuna,23.3,4.9,0.0,144.0
175156,"Fish, tuna, fresh, skipjack, raw",SR Legacy,tuna,22.0,1.01,0.0,103.0
175159,"Fish, tuna, fresh, yellowfin, raw",SR Legacy,tuna,24.4,0.49,0.0,454.0
2708945,Macaroni or pasta salad with tuna and egg,Survey (FNDDS),tuna,7.14,9.96,19.36,197.0
172941,"Turkey breast, sliced, prepackaged",SR Legacy,turkey breast,14.8,3.77,2.2,442.0
171098,"Turkey, whole, breast, meat only, raw",SR Legacy,turkey breast,23.7,1.48,0.14,479.0
171093,"Turkey, all classes, breast, meat and skin, raw",SR Legacy,turkey breast,21.9,7.02,0.0,157.0
171528,"Turkey, retail parts, breast, meat and skin, raw",SR Legacy,turkey breast,21.9,7.45,0.0,155.0
174515,"Turkey, retail parts, breast, meat only, raw",SR Legacy,turkey breast,23.3,2.33,0.0,478.0
171496,"Turkey, whole, breast, meat only, cooked, roasted",SR Legacy,turkey breast,30.1,2.08,0.0,147.0
170711,"SUBWAY, turkey breast sub on white bread with lettuce and tomato",SR Legacy,turkey breast,9.12,2.31,22.4,147.0
174572,"Turkey breast, low salt, prepackaged or deli, luncheon meat",SR Legacy,turkey breast,21.8,0.83,3.51,109.0
171501,"Turkey breast, pre-basted, meat and skin, cooked, roasted",SR Legacy,turkey breast,22.2,3.46,0.0,126.0
171492,"Turkey, all classes, breast, meat and skin, cooked, roasted",SR Legacy,turkey breast,28.7,7.41,0.0,189.0
171529,"Turkey, retail parts, breast, meat and skin, cooked, roasted",SR Legacy,turkey breast,29.0,5.33,0.05,687.0
174516,"Turkey, retail parts, breast, meat only, cooked, roasted",SR Legacy,turkey breast,29.5,1.97,0.0,136.0
174612,"Turkey, breast, smoked, lemon pepper flavor, 97% fat-free",SR Legacy,turkey breast,20.9,0.69,1.31,398.0
171130,"Turkey, retail parts, breast, meat and skin, with added solution, raw",SR Legacy,turkey breast,20.8,6.75,0.03,144.0
174513,"Turkey, retail parts, breast, meat only, with added solution, raw",SR Legacy,turkey breast,22.0,2.53,0.0,463.0
170706,"Fast foods, submarine sandwich, turkey breast on white bread with lettuce and tomato",SR Legacy,turkey breast,9.12,2.31,22.4,147.0
172876,"Turkey, breast, from whole bird, meat only, with added solution, raw",SR Legacy,turkey breast,21.5,1.66,0.14,425.0
174519,"Turkey, breast, from whole bird, meat only, with added solution, roasted",SR Legacy,turkey breast,27.0,2.08,0.0,530.0
174514,"Turkey, retail parts, breast, meat only, with added solution, cooked, roasted",SR Legacy,turkey breast,27.9,2.08,0.0,130.0
173857,"Bologna, turkey",SR Legacy,turkey breast,11.4,16.0,4.68,209.0
173571,"Fat, turkey",SR Legacy,turkey breast,0.0,99.8,0.0,900.0
171625,"Frankfurter, turkey",SR Legacy,turkey breast,12.2,17.3,3.81,933.0
172927,"Pastrami, turkey",SR Legacy,turkey breast,16.3,6.21,3.34,139.0
2706430,Turkey with gravy,Survey (FNDDS),turkey breast,20.46,3.46,1.58,125.0
2706131,"Turkey, back",Survey (FNDDS),turkey breast,25.58,11.26,0.0,203.0
2706133,"Turkey, ground",Survey (FNDDS),ground turkey,26.87,11.5,0.0,211.0
171506,"Turkey, Ground, cooked",SR Legacy,ground turkey,27.4,10.4,0.0,203.0
171505,"Turkey, Ground, raw",SR Legacy,ground turkey,19.7,7.66,0.0,148.0
172847,"Turkey, ground, fat free, raw",SR Legacy,ground turkey,23.6,1.95,0.0,468.0
172849,"Turkey, ground, fat free, patties, broiled",SR Legacy,ground turkey,29.0,2.48,0.0,578.0
174493,"Turkey, ground, 85% lean, 15% fat, raw",SR Legacy,ground turkey,16.9,12.5,0.0,755.0
172850,"Turkey, ground, 93% lean, 7% fat, raw",SR Legacy,ground turkey,18.7,8.34,0.0,150.0
172848,"Turkey, ground, fat free, pan-broiled crumbles",SR Legacy,ground turkey,31.7,2.71,0.0,151.0
174495,"Turkey, ground, 85% lean, 15% fat, patties, broiled",SR Legacy,ground turkey,25.9,16.2,0.0,1040.0
174492,"Turkey, ground, 93% lean, 7% fat, patties, broiled",SR Legacy,ground turkey,25.9,11.4,0.0,207.0
174494,"Turkey, ground, 85% lean, 15% fat, pan-broiled crumbles",SR Legacy,ground turkey,25.1,17.4,0.0,258.0
172851,"Turkey, ground, 93% lean, 7% fat, pan-broiled crumbles",SR Legacy,ground turkey,27.1,11.6,0.0,890.0
746785,"Turkey, ground, 93% lean, 7% fat, pan-broiled crumbles",Foundation,ground turkey,27.1,11.6,0.0,922.0
2705854,"Beef, ground",Survey (FNDDS),ground turkey,25.55,16.82,0.0,261.0
2705910,"Veal, ground",Survey (FNDDS),ground turkey,25.62,11.69,1.5,213.0
2706091,"Chicken, ground",Survey (FNDDS),ground turkey,27.14,10.31,0.0,201.0
2705881,"Ham, ground",Survey (FNDDS),ground turkey,20.94,8.43,0.49,167.0
2705907,"Lamb, ground",Survey (FNDDS),ground turkey,24.55,19.49,0.0,281.0
2705863,"Pork, ground",Survey (FNDDS),ground turkey,26.92,21.22,0.0,299.0
2705855,"Beef, ground, patty",Survey (FNDDS),ground turkey,25.45,18.18,0.0,272.0
2705853,"Beef, ground, raw",Survey (FNDDS),ground turkey,18.44,14.88,0.0,213.0
2705820,"Meat, ground, NFS",Survey (FNDDS),ground turkey,25.62,17.04,0.0,262.0
1605879,LEAN BEEF,Branded,lean beef,21.4,7.14,0.0,161.0
2705829,"Beef, steak, ribeye, lean and fat eaten",Survey (FNDDS),lean beef,23.5,21.64,0.0,289.0
2705830,"Beef, steak, ribeye, lean only eaten",Survey (FNDDS),lean beef,26.47,13.83,0.0,230.0
2705833,"Beef, steak, sirloin, lean and fat eaten",Survey (FNDDS),lean beef,26.23,16.65,0.0,262.0
2705834,"Beef, steak, sirloin, lean only eaten",Survey (FNDDS),lean beef,28.05,11.32,0.0,216.0
2705836,"Beef, steak, strip, lean and fat eaten",Survey (FNDDS),lean beef,26.23,16.65,0.0,262.0
2705837,"Beef, steak, strip, lean only eaten",Survey (FNDDS),lean beef,28.05,11.32,0.0,216.0
169430,"Beef, carcass, separable lean and fat, choice, raw",SR Legacy,lean beef,17.3,24.0,0.0,291.0
169431,"Beef, carcass, separable lean and fat, select, raw",SR Legacy,lean beef,17.5,22.6,0.0,278.0
2705839,"Beef, steak, T-bone, lean and fat eaten",Survey (FNDDS),lean beef,25.2,18.42,0.0,274.0
2705840,"Beef, steak, T-bone, lean only eaten",Survey (FNDDS),lean beef,27.12,12.69,0.0,230.0
170809,"Beef, chuck for stew, separable lean and fat, select, raw",SR Legacy,lean beef,21.9,3.99,0.21,124.0
170810,"Beef, chuck for stew, separable lean and fat, choice, raw",SR Legacy,lean beef,21.6,4.81,0.12,545.0
169429,"Beef, grass-fed, strip steaks, lean only, raw",SR Legacy,lean beef,23.1,2.69,0.0,117.0
168652,"Beef, ground, 70% lean meat / 30% fat, raw",SR Legacy,lean beef,14.4,30.0,0.0,1390.0
174037,"Beef, ground, 75% lean meat / 25% fat, raw",SR Legacy,lean beef,15.8,25.0,0.0,293.0
174036,"Beef, ground, 80% lean meat / 20% fat, raw",SR Legacy,lean beef,17.2,20.0,0.0,1060.0
174030,"Beef, ground, 90% lean meat / 10% fat, raw",SR Legacy,lean beef,20.0,10.0,0.0,735.0
173110,"Beef, ground, 93% lean meat / 7% fat, raw",SR Legacy,lean beef,20.8,7.0,0.0,637.0
171790,"Beef, ground, 95% lean meat / 5% fat, raw",SR Legacy,lean beef,21.4,5.0,0.0,137.0
173111,"Beef, ground, 97% lean meat / 3% fat, raw",SR Legacy,lean beef,22.0,3.0,0.0,121.0
169439,"Beef, rib, shortribs, separable lean and fat, choice, raw",SR Legacy,lean beef,14.4,36.2,0.4,390.0
168614,"Beef, rib, shortribs, separable lean only, choice, raw",SR Legacy,lean beef,19.0,10.2,0.4,731.0
171206,"Beef, chuck for stew, separable lean and fat, all grades, raw",SR Legacy,lean beef,21.8,4.48,0.16,535.0
171205,"Beef, chuck for stew, separable lean and fat, choice, cooked, braised",SR Legacy,lean beef,32.5,7.14,0.0,194.0
171204,"Beef, chuck for stew, separable lean and fat, select, cooked, braised",SR Legacy,lean beef,32.3,6.34,0.0,779.0
168607,"Beef, brisket, whole, separable lean only, all grades, raw",SR Legacy,lean beef,20.7,7.37,0.6,658.0
174746,"Beef, New Zealand, imported, flank, separable lean and fat, raw",SR Legacy,lean beef,20.1,8.9,0.0,672.0
173078,"Beef, New Zealand, imported, flank, separable lean only, raw",SR Legacy,lean beef,20.5,6.67,0.0,142.0
173103,"Beef, New Zealand, imported, flat, separable lean and fat, raw",SR Legacy,lean beef,20.6,10.6,0.0,741.0
173080,"Beef, New Zealand, imported, flat, separable lean only, raw",SR Legacy,lean beef,21.3,7.69,0.0,154.0
173107,"Beef, New Zealand, imported, striploin, separable lean and fat, raw",SR Legacy,lean beef,18.5,19.5,0.6,1060.0
174734,"Beef, New Zealand, imported, striploin, separable lean only, raw",SR Legacy,lean beef,20.9,7.0,0.74,626.0
173109,"Beef, New Zealand, imported, tenderloin, separable lean and fat, raw",SR Legacy,lean beef,21.0,6.88,0.0,611.0
174736,"Beef, New Zealand, imported, tenderloin, separable lean only, raw",SR Legacy,lean beef,21.2,6.1,0.0,584.0
168613,"Beef, rib, shortribs, separable lean and fat, choice, cooked, braised",SR Legacy,lean beef,21.6,42.0,0.0,471.0
168615,"Beef, rib, shortribs, separable lean only, choice, cooked, braised",SR Legacy,lean beef,30.8,18.1,0.0,295.0
171203,"Beef, chuck for stew, separable lean and fat, all grades, cooked, braised",SR Legacy,lean beef,32.4,6.82,0.0,191.0
169474,"Beef, ground, 70% lean meat / 30% fat, loaf, cooked, baked",SR Legacy,lean beef,23.9,15.4,0.0,241.0
168651,"Beef, ground, 70% lean meat / 30% fat, patty, cooked, broiled",SR Legacy,lean beef,25.4,18.7,0.0,277.0
171801,"Beef, ground, 75% lean meat / 25% fat, loaf, cooked, baked",SR Legacy,lean beef,24.6,16.5,0.0,1060.0
174038,"Beef, ground, 75% lean meat / 25% fat, patty, cooked, broiled",SR Legacy,lean beef,25.6,18.9,0.0,279.0
171800,"Beef, ground, 80% lean meat / 20% fat, loaf, cooked, baked",SR Legacy,lean beef,25.2,16.2,0.0,1060.0
171797,"Beef, ground, 80% lean meat / 20% fat, patty, cooked, broiled",SR Legacy,lean beef,25.8,17.8,0.0,1130.0
174035,"Beef, ground, 85% lean meat / 15% fat, loaf, cooked, baked",SR Legacy,lean beef,25.9,14.4,0.0,1000.0
174032,"Beef, ground, 85% lean meat / 15% fat, patty, cooked, broiled",SR Legacy,lean beef,25.9,15.4,0.0,250.0
171795,"Beef, ground, 90% lean meat / 10% fat, loaf, cooked, baked",SR Legacy,lean beef,26.6,11.1,0.0,214.0
174031,"Beef, ground, 90% lean meat / 10% fat, patty, cooked, broiled",SR Legacy,lean beef,26.1,11.8,0.0,910.0
174754,"Beef, ground, 93% lean meat / 7% fat, loaf, cooked, baked",SR Legacy,lean beef,27.0,8.43,0.0,192.0
174752,"Beef, ground, 93% lean meat / 7% fat, patty, cooked, broiled",SR Legacy,lean beef,26.2,8.94,0.0,193.0
174029,"Beef, ground, 95% lean meat / 5% fat, loaf, cooked, baked",SR Legacy,lean beef,27.3,6.37,0.0,728.0
171791,"Beef, ground, 95% lean meat / 5% fat, patty, cooked, broiled",SR Legacy,lean beef,26.3,6.8,0.0,174.0
173114,"Beef, ground, 97% lean meat / 3% fat, loaf, cooked, baked",SR Legacy,lean beef,27.6,4.06,0.0,646.0
173112,"Beef, ground, 97% lean meat / 3% fat, patty, cooked, broiled",SR Legacy,lean beef,26.4,4.46,0.0,639.0
173098,"Beef, New Zealand, imported, bolar blade, separable lean and fat, raw",SR Legacy,lean beef,21.3,8.22,0.0,666.0
174716,"Beef, New Zealand, imported, bolar blade, separable lean only, raw",SR Legacy,lean beef,22.1,4.49,0.0,129.0
173102,"Beef, New Zealand, imported, cube roll, separable lean and fat, raw",SR Legacy,lean beef,18.2,16.3,1.26,941.0
174720,"Beef, New Zealand, imported, cube roll, separable lean only, raw",SR Legacy,lean beef,19.8,8.51,1.38,161.0
174744,"Beef, New Zealand, imported, eye round, separable lean and fat, raw",SR Legacy,lean beef,19.9,4.92,1.32,540.0
174722,"Beef, New Zealand, imported, eye round, separable lean only, raw",SR Legacy,lean beef,20.2,3.35,1.35,116.0
174745,"Beef, New Zealand, imported, flank, separable lean and fat, cooked, braised",SR Legacy,lean beef,30.1,9.73,0.0,208.0
173077,"Beef, New Zealand, imported, flank, separable lean only, cooked, braised",SR Legacy,lean beef,30.8,7.92,0.0,813.0
174747,"Beef, New Zealand, imported, flat, separable lean and fat, cooked, braised",SR Legacy,lean beef,31.9,13.8,0.0,252.0
173079,"Beef, New Zealand, imported, flat, separable lean only, cooked, braised",SR Legacy,lean beef,33.2,10.3,0.0,944.0
173105,"Beef, New Zealand, imported, hind shin, separable lean and fat, raw",SR Legacy,lean beef,20.6,7.2,0.0,616.0
174725,"Beef, New Zealand, imported, hind shin, separable lean only, raw",SR Legacy,lean beef,21.5,3.12,0.0,114.0
174735,"Beef, New Zealand, imported, oyster blade, separable lean and fat, raw",SR Legacy,lean beef,21.3,10.3,0.0,744.0
173088,"Beef, New Zealand, imported, oyster blade, separable lean only, raw",SR Legacy,lean beef,21.8,7.56,0.0,155.0
174750,"Beef, New Zealand, imported, rump centre, separable lean and fat, raw",SR Legacy,lean beef,21.6,6.5,0.0,607.0
174749,"Beef, New Zealand, imported, rump centre, separable lean only, raw",SR Legacy,lean beef,21.7,6.05,0.0,141.0
169547,"Beef, tenderloin, separable lean and fat, trimmed to 1/8"" fat, prime, raw",SR Legacy,lean beef,18.2,21.8,0.0,274.0
169566,"Beef, chuck eye roast, boneless, America's Beef Roast, separable lean only, trimmed to 0"" fat, choice, raw",SR Legacy,lean beef,20.7,6.21,0.0,580.0
168742,"Beef, chuck eye roast, boneless, America's Beef Roast, separable lean only, trimmed to 0"" fat, select, raw",SR Legacy,lean beef,20.5,5.71,0.0,133.0
2706748,"Beef, ground, with egg and onion",Survey (FNDDS),ground beef,21.86,14.54,1.05,228.0
2709088,Spanish rice with ground beef,Survey (FNDDS),ground beef,9.68,6.91,14.79,163.0
168608,"Beef, grass-fed, ground, raw",SR Legacy,ground beef,19.4,12.7,0.0,828.0
169447,"Beef, ground, patties, frozen, cooked, broiled",SR Legacy,ground beef,23.0,21.8,0.0,1240.0
172161,"Beef, ground, unspecified fat content, cooked",SR Legacy,ground beef,25.1,14.5,0.62,1010.0
2706393,"Stewed seasoned ground beef, Mexican style",Survey (FNDDS),ground beef,14.27,11.38,1.28,169.0
167657,"ON THE BORDER, soft taco with ground beef, cheese and lettuce",SR Legacy,ground beef,13.2,11.0,19.3,959.0
2706396,"Stewed seasoned ground beef, Puerto Rican style",Survey (FNDDS),ground beef,13.75,22.81,3.83,278.0
2706472,"Stewed, seasoned, ground beef and pork, Mexican style",Survey (FNDDS),ground beef,16.7,6.98,1.45,139.0
2706479,"Stewed, seasoned, ground beef with potatoes, Mexican style",Survey (FNDDS),ground beef,10.42,7.88,5.6,137.0
170292,"Fast foods, nachos, with cheese, beans, ground beef, and tomatoes",SR Legacy,ground beef,6.21,12.5,21.4,915.0
167658,"Restaurant, Mexican, soft taco with ground beef, cheese and lettuce",SR Legacy,ground beef,12.6,10.8,17.9,219.0
2706586,"Stewed, seasoned, ground beef and pork with potatoes, Mexican style",Survey (FNDDS),ground beef,12.84,8.02,4.16,143.0
174034,"Beef, ground, 85% lean meat / 15% fat, crumbles, cooked, pan-browned",SR Legacy,ground beef,27.7,15.3,0.0,1070.0
168320,"HORMEL ALWAYS TENDER, Boneless Pork Loin, Fresh Pork",SR Legacy,pork loin,19.0,7.18,0.76,145.0
168314,"Pork, fresh, loin, top loin (roasts), boneless, separable lean and fat, raw",SR Legacy,pork loin,21.3,8.33,0.0,696.0
168315,"Pork, fresh, loin, top loin (roasts), boneless, separable lean only, raw",SR Legacy,pork loin,22.4,4.06,0.0,132.0
168238,"Pork, fresh, loin, center loin (chops), bone-in, separable lean and fat, raw",SR Legacy,pork loin,20.7,9.03,0.0,711.0
167829,"Pork, fresh, loin, center loin (chops), bone-in, separable lean only, raw",SR Legacy,pork loin,22.0,3.71,0.0,127.0
167839,"Pork, fresh, loin, top loin (chops), boneless, separable lean and fat, raw",SR Legacy,pork loin,21.6,6.94,0.0,155.0
168251,"Pork, fresh, loin, top loin (chops), boneless, separable lean only, raw",SR Legacy,pork loin,22.4,3.42,0.0,530.0
167842,"Pork, fresh, loin, top loin (roasts), boneless, separable lean and fat, cooked, roasted",SR Legacy,pork loin,26.4,8.82,0.0,192.0
168254,"Pork, fresh, loin, top loin (roasts), boneless, separable lean only, cooked, roasted",SR Legacy,pork loin,27.2,6.28,0.0,723.0
168286,"Pork, fresh, loin, center loin (chops), boneless, separable lean and fat, raw",SR Legacy,pork loin,21.1,13.0,0.0,201.0
168263,"Pork, fresh, loin, center loin (chops), boneless, separable lean only, raw",SR Legacy,pork loin,23.8,3.09,0.0,123.0
167827,"Pork, fresh, loin, center loin (chops), bone-in, separable lean and fat, cooked, broiled",SR Legacy,pork loin,25.6,11.1,0.0,209.0
168240,"Pork, fresh, loin, center loin (chops), bone-in, separable lean only, cooked, broiled",SR Legacy,pork loin,26.8,7.29,0.0,753.0
167841,"Pork, fresh, loin, top loin (chops), boneless, separable lean and fat, cooked, broiled",SR Legacy,pork loin,26.6,9.14,0.0,820.0
168253,"Pork, fresh, loin, top loin (chops), boneless, separable lean only, cooked, broiled",SR Legacy,pork loin,27.6,6.08,0.0,173.0
167826,"Pork, fresh, loin, center loin (chops), bone-in, separable lean and fat, cooked, braised",SR Legacy,pork loin,28.2,13.5,0.0,242.0
168239,"Pork, fresh, loin, center loin (chops), bone-in, separable lean only, cooked, braised",SR Legacy,pork loin,30.2,7.86,0.0,836.0
167828,"Pork, fresh, loin, center loin (roasts), bone-in, separable lean and fat, cooked, roasted",SR Legacy,pork loin,27.0,12.8,0.0,966.0
168241,"Pork, fresh, loin, center loin (roasts), bone-in, separable lean only, cooked, roasted",SR Legacy,pork loin,28.6,7.95,0.0,194.0
167840,"Pork, fresh, loin, top loin (chops), boneless, separable lean and fat, cooked, braised",SR Legacy,pork loin,29.2,8.31,0.0,835.0
168252,"Pork, fresh, loin, top loin (chops), boneless, separable lean only, cooked, braised",SR Legacy,pork loin,30.5,4.34,0.0,170.0
168312,"Pork, fresh, loin, tenderloin, separable lean and fat, raw",SR Legacy,pork loin,20.6,3.53,0.0,120.0
168249,"Pork, fresh, loin, tenderloin, separable lean only, raw",SR Legacy,pork loin,21.0,2.17,0.0,456.0
168292,"Pork, fresh, loin, center loin (chops), bone-in, separable lean and fat, cooked, pan-fried",SR Legacy,pork loin,27.6,13.3,0.0,997.0
167882,"Pork, fresh, loin, center loin (chops), bone-in, separable lean only, cooked, pan-fried",SR Legacy,pork loin,29.6,7.66,0.0,195.0
168298,"Pork, fresh, loin, center loin (chops), boneless, separable lean and fat, cooked, pan-broiled",SR Legacy,pork loin,26.7,13.6,0.0,958.0
168285,"Pork, fresh, loin, center loin (chops), boneless, separable lean only, cooked, pan-broiled",SR Legacy,pork loin,30.0,4.65,0.0,677.0
167887,"Pork, fresh, loin, top loin (chops), boneless, separable lean and fat, cooked, pan-fried",SR Legacy,pork loin,29.4,7.86,0.0,196.0
169182,"Pork, fresh, loin, top loin (chops), boneless, separable lean and fat, with added solution, raw",SR Legacy,pork loin,19.4,10.3,0.0,715.0
168294,"Pork, fresh, loin, top loin (chops), boneless, separable lean only, cooked, pan-fried",SR Legacy,pork loin,30.5,4.62,0.0,718.0
169181,"Pork, fresh, loin, top loin (chops), boneless, separable lean only, with added solution, raw",SR Legacy,pork loin,21.1,3.48,0.22,117.0
168376,"Pork loin, fresh, backribs, bone-in, raw, lean only",SR Legacy,pork loin,20.8,9.84,0.0,172.0
167818,"Pork, fresh, loin, whole, separable lean and fat, raw",SR Legacy,pork loin,19.7,12.6,0.0,198.0
168230,"Pork, fresh, loin, whole, separable lean only, raw",SR Legacy,pork loin,21.4,5.66,0.0,143.0
169183,"Pork, fresh, loin, top loin (chops), boneless, separable lean and fat, with added solution, cooked, broiled",SR Legacy,pork loin,28.3,9.42,0.02,198.0
168364,"Pork, fresh, loin, top loin (chops), boneless, separable lean only, with added solution, cooked, broiled",SR Legacy,pork loin,29.6,5.73,0.0,712.0
168250,"Pork, fresh, loin, tenderloin, separable lean only, cooked, roasted",SR Legacy,pork loin,26.2,3.51,0.0,143.0
167905,"Pork, fresh, loin, tenderloin, separable lean and fat, cooked, roasted",SR Legacy,pork loin,26.0,3.96,0.0,615.0
168318,"HORMEL ALWAYS TENDER, Pork Loin Filets, Lemon Garlic-Flavored",SR Legacy,pork loin,17.8,4.16,1.79,118.0
168377,"Pork loin, fresh, backribs, bone-in, cooked-roasted, lean only",SR Legacy,pork loin,24.2,17.6,0.0,1070.0
168361,"Pork, fresh, enhanced, loin, tenderloin, separable lean only, raw",SR Legacy,pork loin,20.4,2.09,0.0,443.0
167904,"Pork, fresh, loin, tenderloin, separable lean and fat, cooked, broiled",SR Legacy,pork loin,29.9,8.11,0.0,201.0
168313,"Pork, fresh, loin, tenderloin, separable lean only, cooked, broiled",SR Legacy,pork loin,30.4,6.33,0.0,187.0
167819,"Pork, fresh, loin, whole, separable lean and fat, cooked, braised",SR Legacy,pork loin,27.2,13.6,0.0,239.0
167820,"Pork, fresh, loin, whole, separable lean and fat, cooked, broiled",SR Legacy,pork loin,27.3,13.9,0.0,242.0
167821,"Pork, fresh, loin, whole, separable lean and fat, cooked, roasted",SR Legacy,pork loin,27.1,14.6,0.0,248.0
168231,"Pork, fresh, loin, whole, separable lean only, cooked, braised",SR Legacy,pork loin,28.6,9.12,0.0,204.0
168232,"Pork, fresh, loin, whole, separable lean only, cooked, broiled",SR Legacy,pork loin,28.6,9.8,0.0,210.0
168233,"Pork, fresh, loin, whole, separable lean only, cooked, roasted",SR Legacy,pork loin,28.6,9.63,0.0,209.0
167913,"Pork, fresh, loin, top loin (chops), boneless, separable lean and fat, with added solution, cooked, pan-broiled",SR Legacy,pork loin,28.4,7.66,0.0,796.0
167912,"Pork, fresh, loin, top loin (chops), boneless, separable lean only, with added solution, cooked, pan-broiled",SR Legacy,pork loin,29.0,5.0,0.0,169.0
167895,"Pork, fresh, loin, country-style ribs, separable lean and fat, raw",SR Legacy,pork loin,19.3,11.8,0.0,792.0
168305,"Pork, fresh, loin, country-style ribs, separable lean only, raw",SR Legacy,pork loin,20.8,5.64,0.0,584.0
169184,"Pork, fresh, loin, tenderloin, separable lean and fat, with added solution, raw",SR Legacy,pork loin,20.2,3.14,0.0,478.0
168246,"Pork, fresh, loin, sirloin (chops or roasts), bone-in, separable lean and fat, raw",SR Legacy,pork loin,20.5,8.96,0.0,168.0
167837,"Pork, fresh, loin, sirloin (chops or roasts), bone-in, separable lean only, raw",SR Legacy,pork loin,21.6,4.02,0.0,129.0
167836,"Pork, fresh, loin, sirloin (roasts), bone-in, separable lean and fat, cooked, roasted",SR Legacy,pork loin,26.6,12.9,0.0,961.0
168248,"Pork, fresh, loin, sirloin (roasts), bone-in, separable lean only, cooked, roasted",SR Legacy,pork loin,27.8,9.44,0.0,852.0
167822,"Pork, fresh, loin, blade (chops or roasts), bone-in, separable lean and fat, raw",SR Legacy,pork loin,19.6,12.3,0.0,194.0
168234,"Pork, fresh, loin, blade (chops or roasts), bone-in, separable lean only, raw",SR Legacy,pork loin,21.2,5.84,0.0,143.0
169194,"Pork, fresh, loin, blade (chops or roasts), boneless, separable lean only, raw",SR Legacy,pork loin,21.4,3.78,0.82,513.0
167823,"Pork, fresh, loin, blade (chops), bone-in, separable lean and fat, cooked, braised",SR Legacy,pork loin,26.5,15.7,0.0,1070.0
167824,"Pork, fresh, loin, blade (chops), bone-in, separable lean and fat, cooked, broiled",SR Legacy,pork loin,23.7,14.4,0.0,231.0
168235,"Pork, fresh, loin, blade (chops), bone-in, separable lean only, cooked, braised",SR Legacy,pork loin,28.0,11.3,0.0,927.0
168236,"Pork, fresh, loin, blade (chops), bone-in, separable lean only, cooked, broiled",SR Legacy,pork loin,25.0,9.56,0.0,193.0
167825,"Pork, fresh, loin, blade (roasts), bone-in, separable lean and fat, cooked, roasted",SR Legacy,pork loin,24.3,16.7,0.0,1060.0
168237,"Pork, fresh, loin, blade (roasts), bone-in, separable lean only, cooked, roasted",SR Legacy,pork loin,25.7,11.9,0.0,908.0
169198,"Pork, fresh, loin, blade (roasts), boneless, separable lean and fat, cooked, roasted",SR Legacy,pork loin,26.5,10.3,0.0,199.0
169195,"Pork, fresh, loin, blade (roasts), boneless, separable lean only, cooked, roasted",SR Legacy,pork loin,27.6,7.14,0.0,175.0
167896,"Pork, fresh, loin, country-style ribs, separable lean and fat, cooked, braised",SR Legacy,pork loin,26.5,17.7,0.0,273.0
168306,"Pork, fresh, loin, country-style ribs, separable lean only, cooked, braised",SR Legacy,pork loin,27.7,14.3,0.0,247.0
168308,"Pork, fresh, loin, sirloin (chops or roasts), boneless, separable lean and fat, raw",SR Legacy,pork loin,22.5,4.05,0.0,133.0
167901,"Pork, fresh, loin, sirloin (chops or roasts), boneless, separable lean only, raw",SR Legacy,pork loin,22.8,2.59,0.0,121.0
747997,"Eggs, Grade A, Large, egg white",Foundation,egg,10.7,0.0,2.36,55.0
748967,"Eggs, Grade A, Large, egg whole",Foundation,egg,12.4,9.96,0.96,617.0
748236,"Eggs, Grade A, Large, egg yolk",Foundation,egg,16.2,28.8,1.02,1400.0
2707180,"Egg, Benedict",Survey (FNDDS),egg,13.81,22.1,8.48,288.0
2707179,"Egg, creamed",Survey (FNDDS),egg,7.79,10.35,5.52,148.0
2707181,"Egg, deviled",Survey (FNDDS),egg,11.52,15.9,1.07,198.0
174901,"Bagels, egg",SR Legacy,egg,10.6,2.1,53.0,278.0
172673,"Bread, egg",SR Legacy,egg,9.5,6.0,47.8,287.0
2708984,"Congee, with egg",Survey (FNDDS),egg,3.12,2.06,6.91,60.0
2707343,Egg burrito,Survey (FNDDS),egg,10.91,13.71,20.06,249.0
2708597,"Quesadilla, egg",Survey (FNDDS),egg,10.91,13.71,20.06,249.0
2708602,"Taquito, egg",Survey (FNDDS),egg,9.9,13.56,29.25,281.0
2707201,"Egg omelet or scrambled egg, made with butter",Survey (FNDDS),egg,11.61,14.64,0.9,182.0
2707200,"Egg omelet or scrambled egg, made with oil",Survey (FNDDS),egg,11.56,15.81,0.9,192.0
2707205,"Egg omelet or scrambled egg, no added fat",Survey (FNDDS),egg,12.36,9.93,0.96,143.0
2707198,"Egg omelet or scrambled egg, NS as to fat",Survey (FNDDS),egg,11.58,15.0,0.91,185.0
2708972,"Sushi, topped with egg",Survey (FNDDS),egg,7.32,5.23,10.25,119.0
2707203,"Egg omelet or scrambled egg, made with cooking spray",Survey (FNDDS),egg,12.24,10.61,1.15,149.0
2707204,"Egg omelet or scrambled egg, NS as to fat type",Survey (FNDDS),egg,11.58,15.0,0.91,185.0
2707209,"Egg omelet or scrambled egg, with cheese, made with butter",Survey (FNDDS),egg,12.69,16.34,1.41,203.0
2707207,"Egg omelet or scrambled egg, with cheese, made with margarine",Survey (FNDDS),egg,12.65,15.35,1.45,194.0
2707208,"Egg omelet or scrambled egg, with cheese, made with oil",Survey (FNDDS),egg,12.64,17.36,1.4,212.0
2707212,"Egg omelet or scrambled egg, with cheese, no added fat",Survey (FNDDS),egg,13.41,12.34,1.49,171.0
2707216,"Egg omelet or scrambled egg, with meat, made with butter",Survey (FNDDS),egg,12.74,15.04,0.99,190.0
1910113,TOFU,Branded,tofu,9.41,5.88,1.18,94.0
2038883,TOFU,Branded,tofu,9.41,5.29,2.35,94.0
1863123,TOFU,Branded,tofu,4.4,2.2,1.1,49.0
1864648,TOFU,Branded,tofu,8.24,4.12,2.35,82.0
2387870,TOFU,Branded,tofu,7.06,3.53,2.35,71.0
2443060,TOFU,Branded,tofu,10.6,2.35,3.53,82.0
2094328,TOFU,Branded,tofu,10.1,5.06,2.53,101.0
167722,Tofu yogurt,SR Legacy,tofu,3.5,1.8,16.0,394.0
172451,"Tofu, fried",SR Legacy,tofu,18.8,20.2,8.86,1130.0
167695,"Mayonnaise, made with tofu",SR Legacy,tofu,5.95,31.8,3.06,1350.0
2707455,"Soup, miso or tofu",Survey (FNDDS),tofu,2.21,0.85,2.3,24.0
2706844,"Fish, tofu, and vegetables, tempura",Survey (FNDDS),tofu,4.01,16.0,4.53,177.0
172450,"Tofu, dried-frozen (koyadofu)",SR Legacy,tofu,52.5,30.3,10.0,477.0
174291,"Tofu, hard, prepared with nigari",SR Legacy,tofu,12.7,9.99,4.39,609.0
174280,"Tofu, salted and fermented (fuyu)",SR Legacy,tofu,8.92,8.0,4.38,116.0
173788,HOUSE FOODS Premium Firm Tofu,SR Legacy,tofu,10.9,4.19,0.97,85.0
173787,HOUSE FOODS Premium Soft Tofu,SR Legacy,tofu,6.38,2.71,2.19,245.0
172461,"MORI-NU, Tofu, silken, firm",SR Legacy,tofu,6.9,2.7,2.4,62.0
174292,"MORI-NU, Tofu, silken, soft",SR Legacy,tofu,4.8,2.7,2.9,55.0
174290,"Tofu, extra firm, prepared with nigari",SR Legacy,tofu,9.98,5.26,1.18,83.0
174304,"Tofu, fried, prepared with calcium sulfate",SR Legacy,tofu,18.8,20.2,8.86,270.0
175236,"Vitasoy USA Azumaya, Firm Tofu",SR Legacy,tofu,9.08,4.2,1.52,80.0
173786,"Vitasoy USA Azumaya, Silken Tofu",SR Legacy,tofu,4.82,2.4,0.58,181.0
172462,"MORI-NU, Tofu, silken, extra firm",SR Legacy,tofu,7.4,1.9,2.0,55.0
172463,"MORI-NU, Tofu, silken, lite firm",SR Legacy,tofu,6.3,0.8,1.1,155.0
172475,"Tofu, raw, firm, prepared with calcium sulfate",SR Legacy,tofu,17.3,8.72,2.78,603.0
172476,"Tofu, raw, regular, prepared with calcium sulfate",SR Legacy,tofu,8.08,4.78,1.87,76.0
175235,"Vitasoy USA Azumaya, Extra Firm Tofu",SR Legacy,tofu,10.1,4.6,1.53,367.0
173784,"Vitasoy USA Nasoya, Lite Silken Tofu",SR Legacy,tofu,8.21,1.1,0.0,43.0
173783,"Vitasoy USA Organic Nasoya, Soft Tofu",SR Legacy,tofu,8.76,3.5,0.74,291.0
172468,"Vitasoy USA, Nasoya Lite Firm Tofu",SR Legacy,tofu,8.3,1.7,1.3,225.0
173763,"Vitasoy USA, Organic Nasoya Firm Tofu",SR Legacy,tofu,8.9,4.4,2.3,84.0
173764,"Vitasoy USA, Organic Nasoya Silken Tofu",SR Legacy,tofu,4.8,2.5,1.4,198.0
172464,"MORI-NU, Tofu, silken, lite extra firm",SR Legacy,tofu,7.0,0.7,1.0,38.0
174303,"Tofu, dried-frozen (koyadofu), prepared with calcium sulfate",SR Legacy,tofu,52.4,30.3,8.3,1960.0
174305,"Tofu, salted and fermented (fuyu), prepared with calcium sulfate",SR Legacy,tofu,8.15,8.0,5.15,485.0
175233,"Vitasoy USA Organic Nasoya, Tofu Plus Firm",SR Legacy,tofu,9.19,3.4,1.71,310.0
173762,"Vitasoy USA, Organic Nasoya Extra Firm Tofu",SR Legacy,tofu,10.1,5.2,2.6,412.0
172448,"Tofu, firm, prepared with calcium sulfate and magnesium chloride (nigari)",SR Legacy,tofu,9.04,4.17,2.85,78.0
172449,"Tofu, soft, prepared with calcium sulfate and magnesium chloride (nigari)",SR Legacy,tofu,7.17,3.69,1.18,253.0
173785,"Vitasoy USA Organic Nasoya, Tofu Plus Extra Firm",SR Legacy,tofu,10.2,4.9,1.82,385.0
174297,"Vitasoy USA, Organic Nasoya Super Firm Cubed Tofu",SR Legacy,tofu,12.4,6.3,2.8,118.0
175234,"Vitasoy USA Organic Nasoya Sprouted, Tofu Plus Super Firm",SR Legacy,tofu,13.2,5.9,2.16,480.0
2707477,"Tofu and vegetables excluding carrots, broccoli, and dark-green leafy; no potatoes, with soy-based sauce",Survey (FNDDS),tofu,4.21,6.94,4.4,93.0
2707476,"Tofu and vegetables including carrots, broccoli, and/or dark-green leafy; no potatoes, with soy-based sauce",Survey (FNDDS),tofu,4.11,6.71,4.68,92.0
2706745,"Beef, tofu, and vegetables excluding carrots, broccoli, and dark-green leafy; no potatoes, soy-based sauce",Survey (FNDDS),tofu,7.52,7.96,4.45,117.0
2706739,"Beef, tofu, and vegetables including carrots, broccoli, and/or dark-green leafy; no potatoes, soy-based sauce",Survey (FNDDS),tofu,7.3,7.68,4.75,115.0
2706760,"Pork, tofu, and vegetables including carrots, broccoli, and/or dark-green leafy; no potatoes, soy-base sauce",Survey (FNDDS),tofu,7.0,7.77,4.75,116.0
2706770,"Pork, tofu, and vegetables, excluding carrots, broccoli, and dark-green leafy; no potatoes, soy-based sauce",Survey (FNDDS),tofu,7.21,8.05,4.45,118.0
2339179,"TOFU IN SUNRICE SAUCE, TOFU",Branded,tofu,18.6,9.73,11.5,204.0
2426663,"RANCHERO TOFU SCRAMBLE, RANCHERO TOFU",Branded,tofu,8.85,5.31,3.54,93.0
2010097,TOFU BAKED MARINATED BAKED TOFU,Branded,tofu,14.0,7.89,3.51,140.0
2673195,"TOFU VEGETABLE LASAGNA, TOFU VEGETABLE",Branded,tofu,5.95,4.09,15.2,123.0
2095289,"TOFU VEGGIE BURGER PATTIES, TOFU",Branded,tofu,16.7,7.89,9.65,175.0
2438513,"TOFU YU, TERIYAKI TOFU SUSHI",Branded,tofu,15.5,10.2,7.96,168.0
2425356,ORGANIC TOFU,Branded,tofu,13.2,6.14,3.51,114.0
2027916,BAKED TOFU,Branded,tofu,15.3,8.24,5.88,153.0
1864441,BROILED TOFU,Branded,tofu,10.6,5.88,2.35,106.0
2431167,FIRM TOFU,Branded,tofu,9.89,4.4,2.2,88.0
2440185,FIRM TOFU,Branded,tofu,8.86,3.8,2.53,89.0
2027663,FIRM TOFU,Branded,tofu,8.24,4.71,2.35,94.0
1998637,FIRM TOFU,Branded,tofu,8.24,3.53,2.35,71.0
2399599,FIRM TOFU,Branded,tofu,8.24,4.12,2.35,82.0
2510849,FIRM TOFU,Branded,tofu,8.24,3.53,2.35,71.0
2025764,GOURMET TOFU,Branded,tofu,10.6,1.76,1.18,59.0
1894767,ORGANIC TOFU,Branded,tofu,10.1,5.06,2.53,101.0
2412397,ORGANIC TOFU,Branded,tofu,15.4,7.69,2.2,143.0
2657525,ORGANIC TOFU,Branded,tofu,7.06,3.53,2.35,59.0
2428081,ORGANIC TOFU,Branded,tofu,8.24,4.71,2.35,82.0
1923199,ORGANIC TOFU,Branded,tofu,9.41,4.12,2.35,82.0
2657526,ORGANIC TOFU,Branded,tofu,5.88,3.53,3.53,59.0
2099355,ORGANIC TOFU,Branded,tofu,8.86,3.8,2.53,89.0
174272,Tempeh,SR Legacy,tempeh,20.3,10.8,7.64,192.0
2596799,ORIGINAL TEMPEH,Branded,tempeh,21.4,5.36,14.3,190.0
1980610,"ORGANIC TEMPEH RANCHERO SQUARITO BURRITO, TEMPEH RANCHERO",Branded,tempeh,7.06,2.94,23.5,135.0
2679094,"FLAX TEMPEH, FLAX",Branded,tempeh,21.4,9.52,9.52,214.0
2381586,"ORIGINAL TEMPEH, ORIGINAL",Branded,tempeh,23.5,9.41,12.9,224.0
2422468,"ORIGINAL TEMPEH, ORIGINAL",Branded,tempeh,21.4,5.36,14.3,190.0
2566092,SOUTHWEST TEMPEH CUBES,Branded,tempeh,15.3,8.24,21.2,224.0
2440114,"TEMPEH, SESAME GARLIC",Branded,tempeh,12.9,4.12,16.5,165.0
2028386,"CULTURES FOR HEALTH, TEMPEH STARTER",Branded,tempeh,0.0,0.0,66.7,333.0
1907493,ORGANIC GARDEN VEGGIE TEMPEH,Branded,tempeh,19.0,7.14,11.9,190.0
1907494,ORGANIC WILD RICE TEMPEH,Branded,tempeh,16.7,5.95,21.4,202.0
2424207,"ORIGINAL ORGANIC TEMPEH, ORIGINAL",Branded,tempeh,22.7,9.33,13.3,227.0
2391366,"ORIGINAL ORGANIC TEMPEH, ORIGINAL",Branded,tempeh,22.7,9.33,13.3,227.0
2596798,TEMPEH BUFFALO PRECUT STRIPS,Branded,tempeh,18.2,7.07,13.1,192.0
2012992,"TOFURKY, TEMPEH COCONUT CURRY",Branded,tempeh,14.1,3.26,14.1,141.0
2389775,"BUFFALO TEMPEH PRECUT STRIPS, BUFFALO",Branded,tempeh,18.2,7.07,13.1,192.0
1849931,"LIGHTLIFE, ORGANIC THREE GRAINS TEMPEH",Branded,tempeh,19.0,5.95,16.7,202.0
1952932,"ORGANIC ORIGINAL VEGAN TEMPEH, ORIGINAL",Branded,tempeh,21.0,9.21,11.8,211.0
2061368,"SMILING HARA, TEMPEH BLACK BEAN",Branded,tempeh,13.3,0.0,30.1,168.0
2061370,"SMILING HARA, TEMPEH TRADITIONAL SOY",Branded,tempeh,18.6,1.77,16.8,159.0
2679096,"SMOKY BACON TEMPEH, SMOKY BACON",Branded,tempeh,15.8,6.58,13.2,184.0
2679095,"THREE GRAIN TEMPEH, THREE GRAIN",Branded,tempeh,22.6,9.52,13.1,226.0
2012994,"TOFURKY, TEMPEH ORGANIC SOY CAKE",Branded,tempeh,15.3,4.12,23.5,188.0
2288694,"SURATA SOYFOODS, ORGANIC ORIGINAL SOY TEMPEH",Branded,tempeh,16.5,2.94,15.3,153.0
2383363,"5 GRAIN ORGANIC TEMPEH, 5 GRAIN",Branded,tempeh,17.3,9.33,20.0,227.0
2391365,"FIVE GRAIN ORGANIC TEMPEH, FIVE GRAIN",Branded,tempeh,17.3,8.0,18.7,227.0
2566091,"LIGHTLIFE TEMPEH CUBES TERIYAKI, 6 OZ",Branded,tempeh,15.3,4.12,27.1,212.0
1979420,"ORGANIC 5 GRAIN TEMPEH, 5 GRAIN",Branded,tempeh,17.1,6.58,17.1,197.0
2061369,"SMILING HARA, TEMPEH BLACK EYED PEA",Branded,tempeh,13.3,0.0,30.1,168.0
2367523,"CHICKPEA & QUINOA SOY FREE TEMPEH, CHICKPEA & QUINOA",Branded,tempeh,8.37,2.64,26.4,159.0
2507387,"FRENCH GREEN SOY FREE TEMPEH LENTIL, FRENCH GREEN",Branded,tempeh,8.81,0.44,20.3,115.0
2366556,"BLACKBEAN & SUNFLOWER SEED SOY FREE TEMPEH, BLACKBEAN & SUNFLOWER SEED",Branded,tempeh,9.25,7.05,20.3,172.0
1942113,ORGANIC VEGGIE BACON,Branded,tempeh,15.8,5.26,13.2,158.0
1893335,SMART PATTIES,Branded,tempeh,14.3,4.29,21.4,186.0
1922319,THAI LEMONGRASS LAAB,Branded,tempeh,5.04,2.77,13.1,98.0
2417397,"BEEF PLANT-BASED MINI EMPANADAS!, BEEF",Branded,tempeh,14.3,8.93,28.6,250.0
175254,"Lentils, mature seeds, cooked, boiled, with salt",SR Legacy,lentils cooked,9.02,0.38,19.5,477.0
168551,"Lentils, sprouted, cooked, stir-fried, with salt",SR Legacy,lentils cooked,8.8,0.45,21.2,423.0
172421,"Lentils, mature seeds, cooked, boiled, without salt",SR Legacy,lentils cooked,9.02,0.38,20.1,116.0
168428,"Lentils, sprouted, cooked, stir-fried, without salt",SR Legacy,lentils cooked,8.8,0.45,21.2,101.0
2707431,Lentil curry,Survey (FNDDS),lentils cooked,3.68,5.65,12.33,111.0
2707423,"Lentils, NFS",Survey (FNDDS),lentils cooked,8.38,6.86,18.71,166.0
172420,"Lentils, raw",SR Legacy,lentils cooked,24.6,1.06,63.4,352.0
2707462,"Soup, lentil",Survey (FNDDS),lentils cooked,3.82,0.69,10.2,60.0
2707432,Lentil curry with rice,Survey (FNDDS),lentils cooked,3.28,3.5,18.6,118.0
2707426,"Lentils, from canned",Survey (FNDDS),lentils cooked,8.36,6.84,18.66,166.0
168427,"Lentils, sprouted, raw",SR Legacy,lentils cooked,8.96,0.55,22.1,106.0
2707460,"Soup, lentil, canned",Survey (FNDDS),lentils cooked,2.48,0.64,7.22,43.0
2707463,"Soup, lentil, with meat",Survey (FNDDS),lentils cooked,5.94,2.3,8.76,78.0
174284,"Lentils, pink or red, raw",SR Legacy,lentils cooked,23.9,2.17,63.1,1500.0
171577,"SMART SOUP, French Lentil",SR Legacy,lentils cooked,2.9,1.06,9.5,222.0
2707424,"Lentils, from dried, fat added",Survey (FNDDS),lentils cooked,8.38,6.86,18.71,166.0
2707425,"Lentils, from dried, no added fat",Survey (FNDDS),lentils cooked,8.97,0.38,20.01,115.0
2707461,"Soup, lentil, canned, reduced sodium",Survey (FNDDS),lentils cooked,2.49,0.64,7.23,43.0
2708927,Pasta with tomato-based sauce and beans or lentils,Survey (FNDDS),lentils cooked,5.23,2.28,20.94,125.0
171549,"Soup, lentil with ham, canned, ready-to-serve",SR Legacy,lentils cooked,3.74,1.12,8.16,56.0
175237,"Beans, black, mature seeds, cooked, boiled, with salt",SR Legacy,black beans cooked,8.86,0.54,23.7,132.0
175239,"Beans, black turtle, mature seeds, cooked, boiled, with salt",SR Legacy,black beans cooked,8.18,0.35,24.4,130.0
173735,"Beans, black, mature seeds, cooked, boiled, without salt",SR Legacy,black beans cooked,8.86,0.54,23.7,132.0
2707395,Black bean salad,Survey (FNDDS),black beans cooked,3.08,3.85,12.61,94.0
2707404,Black bean sauce,Survey (FNDDS),black beans cooked,6.28,8.45,17.36,168.0
2707366,Black beans with meat,Survey (FNDDS),black beans cooked,10.61,6.81,19.06,177.0
2707359,"Black beans, NFS",Survey (FNDDS),black beans cooked,8.23,7.01,22.04,181.0
175187,"Beans, black turtle, mature seeds, cooked, boiled, without salt",SR Legacy,black beans cooked,8.18,0.35,24.4,130.0
2707367,"Fava beans, cooked",Survey (FNDDS),black beans cooked,7.06,6.88,18.26,161.0
2707389,"Mung beans, cooked",Survey (FNDDS),black beans cooked,6.52,6.86,17.8,156.0
2707370,"Pink beans, cooked",Survey (FNDDS),black beans cooked,8.42,6.96,25.94,197.0
2709870,"Yellow string beans, cooked",Survey (FNDDS),black beans cooked,1.45,2.71,6.25,50.0
2710803,"Green beans, cooked, as ingredient",Survey (FNDDS),black beans cooked,2.05,0.29,7.72,42.0
2709851,"Green beans, cooked, from restaurant",Survey (FNDDS),black beans cooked,1.96,4.6,7.32,78.0
2710041,"Green beans, cooked, Szechuan-style",Survey (FNDDS),black beans cooked,2.54,6.96,8.37,106.0
2709863,"Green beans, canned, cooked with oil",Survey (FNDDS),black beans cooked,1.01,3.29,3.99,50.0
2709859,"Green beans, fresh, cooked with oil",Survey (FNDDS),black beans cooked,1.99,3.31,7.47,68.0
2709861,"Green beans, frozen, cooked with oil",Survey (FNDDS),black beans cooked,1.44,3.07,6.24,53.0
173734,"Beans, black, mature seeds, raw",SR Legacy,black beans cooked,21.6,1.42,62.4,1420.0
168068,"Restaurant, Latino, black bean soup",SR Legacy,black beans cooked,5.1,2.57,14.8,430.0
171141,"Soup, black bean, canned, condensed",SR Legacy,black beans cooked,4.83,1.32,15.4,382.0
2709855,"Green beans, NS as to form, cooked",Survey (FNDDS),black beans cooked,1.51,2.93,5.74,55.0
2709854,"Green beans, canned, cooked, no added fat",Survey (FNDDS),black beans cooked,1.04,0.39,4.11,24.0
2709852,"Green beans, fresh, cooked, no added fat",Survey (FNDDS),black beans cooked,2.05,0.29,7.7,42.0
2709853,"Green beans, frozen, cooked, no added fat",Survey (FNDDS),black beans cooked,1.49,0.17,6.43,28.0
2710007,"Lima beans and corn, cooked, no added fat",Survey (FNDDS),black beans cooked,4.3,0.5,19.25,92.0
175188,"Beans, black turtle, mature seeds, canned",SR Legacy,black beans cooked,6.03,0.29,16.6,91.0
175186,"Beans, black turtle, mature seeds, raw",SR Legacy,black beans cooked,21.2,0.9,63.2,1420.0
2707362,"Black beans, from canned, fat added",Survey (FNDDS),black beans cooked,8.54,5.92,23.43,178.0
2707363,"Black beans, from canned, no added fat",Survey (FNDDS),black beans cooked,8.87,0.43,24.34,134.0
2707364,"Black beans, from canned, reduced sodium",Survey (FNDDS),black beans cooked,8.54,5.92,23.43,178.0
2707360,"Black beans, from dried, fat added",Survey (FNDDS),black beans cooked,8.23,7.01,22.04,181.0
2707361,"Black beans, from dried, no added fat",Survey (FNDDS),black beans cooked,8.81,0.54,23.57,131.0
2707365,"Black beans, from fast food / restaurant",Survey (FNDDS),black beans cooked,7.98,9.49,21.36,200.0
169065,"Beans, chili, barbecue, ranch style, cooked",SR Legacy,black beans cooked,5.0,1.0,16.9,97.0
2710008,"Lima beans and corn, cooked, fat added",Survey (FNDDS),black beans cooked,4.18,3.04,18.7,112.0
169359,"Yardlong bean, cooked, boiled, drained, with salt",SR Legacy,black beans cooked,2.53,0.1,9.17,196.0
2709867,"Green beans, canned, reduced sodium, cooked with oil",Survey (FNDDS),black beans cooked,1.09,3.36,4.19,48.0
175238,"Beans, black, mature seeds, canned, low sodium",SR Legacy,black beans cooked,6.03,0.29,16.6,91.0
2708988,"Black beans and rice, from fast food / restaurant",Survey (FNDDS),black beans cooked,5.82,7.09,23.66,182.0
173789,"Beans, adzuki, mature seed, cooked, boiled, with salt",SR Legacy,black beans cooked,7.52,0.1,24.8,128.0
175241,"Beans, french, mature seeds, cooked, boiled, with salt",SR Legacy,black beans cooked,7.05,0.76,24.0,129.0
173794,"Beans, navy, mature seeds, cooked, boiled, with salt",SR Legacy,black beans cooked,8.23,0.62,26.0,585.0
173795,"Beans, pink, mature seeds, cooked, boiled, with salt",SR Legacy,black beans cooked,9.06,0.49,27.9,149.0
173796,"Beans, pinto, mature seeds, cooked, boiled, with salt",SR Legacy,black beans cooked,9.01,0.65,26.2,600.0
169321,"Beans, snap, green, cooked, boiled, drained, with salt",SR Legacy,black beans cooked,1.89,0.28,7.88,35.0
169323,"Beans, snap, yellow, cooked, boiled, drained, with salt",SR Legacy,black beans cooked,1.89,0.28,7.88,35.0
175249,"Beans, white, mature seeds, cooked, boiled, with salt",SR Legacy,black beans cooked,9.73,0.35,25.1,581.0
175248,"Beans, yellow, mature seeds, cooked, boiled, with salt",SR Legacy,black beans cooked,9.16,1.08,25.3,144.0
175253,"Hyacinth beans, mature seeds, cooked, boiled, with salt",SR Legacy,black beans cooked,8.14,0.58,20.7,117.0
175255,"Mung beans, mature seeds, cooked, boiled, with salt",SR Legacy,black beans cooked,7.02,0.38,19.2,441.0
175256,"Mungo beans, mature seeds, cooked, boiled, with salt",SR Legacy,black beans cooked,7.54,0.55,18.3,105.0
172477,"Winged beans, mature seeds, cooked, boiled, with salt",SR Legacy,black beans cooked,10.6,5.84,14.9,147.0
169223,"Yardlong bean, cooked, boiled, drained, without salt",SR Legacy,black beans cooked,2.53,0.1,9.18,47.0
174306,"Yardlong beans, mature seeds, cooked, boiled, with salt",SR Legacy,black beans cooked,8.29,0.45,21.1,118.0
2709865,"Green beans, canned, reduced sodium, cooked, no added fat",Survey (FNDDS),black beans cooked,1.12,0.46,4.32,22.0
2709868,"Green beans, canned, reduced sodium, cooked with butter or margarine",Survey (FNDDS),black beans cooked,1.1,2.64,4.2,41.0
172903,"Soup, black bean, canned, prepared with equal volume water",SR Legacy,black beans cooked,2.42,0.66,7.71,46.0
173728,"Beans, adzuki, mature seeds, cooked, boiled, without salt",SR Legacy,black beans cooked,7.52,0.1,24.8,128.0
175240,"Beans, cranberry (roman), mature seeds, cooked, boiled, with salt",SR Legacy,black beans cooked,9.34,0.46,24.5,136.0
173739,"Beans, french, mature seeds, cooked, boiled, without salt",SR Legacy,black beans cooked,7.05,0.76,24.0,129.0
173790,"Beans, great northern, mature seeds, cooked, boiled, with salt",SR Legacy,black beans cooked,8.33,0.45,21.1,118.0
175242,"Beans, kidney, red, mature seeds, cooked, boiled, with salt",SR Legacy,black beans cooked,8.67,0.5,22.8,532.0
173746,"Beans, navy, mature seeds, cooked, boiled, without salt",SR Legacy,black beans cooked,8.23,0.62,26.0,140.0
175198,"Beans, pink, mature seeds, cooked, boiled, without salt",SR Legacy,black beans cooked,9.06,0.49,27.9,149.0
175200,"Beans, pinto, mature seeds, cooked, boiled, without salt",SR Legacy,black beans cooked,9.01,0.65,26.2,600.0
175246,"Beans, small white, mature seeds, cooked, boiled, with salt",SR Legacy,black beans cooked,8.97,0.64,25.8,142.0
2707414,"Chickpeas, NFS",Survey (FNDDS),chickpeas cooked,8.23,8.91,25.48,211.0
173799,"Chickpeas (garbanzo beans, bengal gram), mature seeds, cooked, boiled, with salt",SR Legacy,chickpeas cooked,8.86,2.59,27.4,686.0
174288,Chickpea flour (besan),SR Legacy,chickpeas cooked,22.4,6.69,57.8,387.0
173757,"Chickpeas (garbanzo beans, bengal gram), mature seeds, cooked, boiled, without salt",SR Legacy,chickpeas cooked,8.86,2.59,27.4,164.0
2707417,"Chickpeas, from canned, fat added",Survey (FNDDS),chickpeas cooked,7.88,9.35,21.61,197.0
2707418,"Chickpeas, from canned, no added fat",Survey (FNDDS),chickpeas cooked,8.19,3.24,22.45,146.0
2707419,"Chickpeas, from canned, reduced sodium",Survey (FNDDS),chickpeas cooked,7.89,9.37,21.64,197.0
2707415,"Chickpeas, from dried, fat added",Survey (FNDDS),chickpeas cooked,8.23,8.91,25.48,211.0
2707416,"Chickpeas, from dried, no added fat",Survey (FNDDS),chickpeas cooked,8.81,2.58,27.26,163.0
173756,"Chickpeas (garbanzo beans, bengal gram), mature seeds, raw",SR Legacy,chickpeas cooked,20.5,6.04,63.0,1580.0
2035482,GREEK YOGURT,Branded,greek yogurt,3.33,20.0,70.0,467.0
373595,GREEK YOGURT,Branded,greek yogurt,4.85,7.05,12.3,132.0
2038865,GREEK YOGURT,Branded,greek yogurt,8.67,0.0,10.7,80.0
2475934,GREEK YOGURT,Branded,greek yogurt,11.8,0.0,4.12,65.0
2038866,GREEK YOGURT,Branded,greek yogurt,7.33,2.0,12.0,93.0
468388,GREEK YOGURT,Branded,greek yogurt,8.0,0.0,10.0,73.0
2098882,GREEK YOGURT,Branded,greek yogurt,3.52,6.17,15.0,128.0
464109,GREEK YOGURT,Branded,greek yogurt,8.0,0.0,12.0,80.0
2067023,GREEK YOGURT,Branded,greek yogurt,3.33,10.0,12.7,153.0
2067281,GREEK YOGURT,Branded,greek yogurt,8.0,0.0,12.7,87.0
2705441,"Yogurt, Greek, with oats",Survey (FNDDS),greek yogurt,9.22,3.67,20.02,149.0
170914,"Yogurt, Greek, Blueberry, CHOBANI",SR Legacy,greek yogurt,7.23,0.24,12.8,343.0
170903,"Yogurt, Greek, plain, lowfat",SR Legacy,greek yogurt,9.95,1.92,3.94,305.0
330137,"Yogurt, Greek, plain, nonfat",Foundation,greek yogurt,10.3,0.37,3.64,61.0
171300,"Yogurt, Greek, strawberry, lowfat",SR Legacy,greek yogurt,8.17,2.57,12.3,439.0
330415,"Yogurt, Greek, strawberry, nonfat",Foundation,greek yogurt,8.06,0.15,12.2,347.0
170901,"Yogurt, Greek, strawberry, nonfat",SR Legacy,greek yogurt,8.05,0.15,12.1,342.0
170907,"Yogurt, Greek, vanilla, lowfat",SR Legacy,greek yogurt,8.64,2.5,9.54,95.0
170902,"Yogurt, Greek, vanilla, nonfat",SR Legacy,greek yogurt,8.64,0.18,10.4,78.0
2705432,"Yogurt, Greek, nonfat milk, fruit",Survey (FNDDS),greek yogurt,9.21,0.34,10.81,83.0
2705424,"Yogurt, Greek, nonfat milk, plain",Survey (FNDDS),greek yogurt,10.3,0.37,3.64,59.0
2705430,"Yogurt, Greek, whole milk, fruit",Survey (FNDDS),greek yogurt,7.85,3.91,11.8,114.0
2705422,"Yogurt, Greek, whole milk, plain",Survey (FNDDS),greek yogurt,8.78,4.39,4.75,94.0
170905,"Yogurt, Greek, fruit, whole milk",SR Legacy,greek yogurt,7.33,3.0,12.3,441.0
171311,"Yogurt, Greek, nonfat, peach, CHOBANI",SR Legacy,greek yogurt,7.76,0.11,11.9,333.0
171312,"Yogurt, Greek, nonfat, plain, CHOBANI",SR Legacy,greek yogurt,9.53,0.24,3.43,54.0
171313,"Yogurt, Greek, nonfat, raspberry, CHOBANI",SR Legacy,greek yogurt,7.65,0.22,12.0,337.0
171296,"Yogurt, Greek, nonfat, vanilla, CHOBANI",SR Legacy,greek yogurt,9.07,0.22,8.09,295.0
171304,"Yogurt, Greek, plain, whole milk",SR Legacy,greek yogurt,9.0,5.0,3.98,406.0
171297,"Yogurt, Greek, strawberry, DANNON OIKOS",SR Legacy,greek yogurt,8.25,2.92,11.7,106.0
171309,"Yogurt, Greek, whole, plain, CHOBANI",SR Legacy,greek yogurt,8.24,4.01,3.24,343.0
2705431,"Yogurt, Greek, low fat milk, fruit",Survey (FNDDS),greek yogurt,9.11,1.33,10.78,91.0
2705423,"Yogurt, Greek, low fat milk, plain",Survey (FNDDS),greek yogurt,10.2,1.36,3.6,67.0
2705415,"Yogurt, Greek, NS as to type of milk or flavor",Survey (FNDDS),greek yogurt,9.11,1.33,10.78,91.0
2705429,"Yogurt, Greek, NS as to type of milk, fruit",Survey (FNDDS),greek yogurt,9.11,1.33,10.78,91.0
2705421,"Yogurt, Greek, NS as to type of milk, plain",Survey (FNDDS),greek yogurt,10.2,1.36,3.6,67.0
170864,"Yogurt, Greek, 2% fat, apricot, CHOBANI",SR Legacy,greek yogurt,7.22,1.71,12.2,388.0
172199,"Yogurt, Greek, 2% fat, mango, CHOBANI",SR Legacy,greek yogurt,7.64,1.69,11.8,390.0
170909,"Yogurt, Greek, 2% fat, pineapple, CHOBANI",SR Legacy,greek yogurt,7.05,1.82,12.3,392.0
171310,"Yogurt, Greek, nonfat, lemon blend, CHOBANI",SR Legacy,greek yogurt,8.62,0.15,10.7,78.0
171299,"Yogurt, Greek, nonfat, strawberry, DANNON OIKOS",SR Legacy,greek yogurt,8.03,0.22,12.5,84.0
171298,"Yogurt, Greek, nonfat, vanilla, DANNON OIKOS",SR Legacy,greek yogurt,8.12,0.14,12.7,354.0
170912,"Yogurt, Greek, 2% fat, strawberry banana, CHOBANI",SR Legacy,greek yogurt,8.0,1.71,10.2,88.0
171260,"Yogurt, Greek, 2%fat, coconut blend, CHOBANI",SR Legacy,greek yogurt,8.11,1.71,11.0,92.0
170916,"Yogurt, Greek, nonfat, Fruit on Bottom, Blackberry, CHOBANI",SR Legacy,greek yogurt,7.54,0.37,15.4,398.0
170913,"Yogurt, Greek, nonfat, Fruit on Bottom, Pomegranate, CHOBANI",SR Legacy,greek yogurt,7.45,0.18,12.1,80.0
170915,"Yogurt, Greek, nonfat, Fruit on Bottom, Strawberry, CHOBANI",SR Legacy,greek yogurt,7.28,0.23,11.9,79.0
2705440,"Yogurt, Greek, nonfat milk, flavors other than fruit",Survey (FNDDS),greek yogurt,9.17,0.34,8.22,73.0
2705438,"Yogurt, Greek, whole milk, flavors other than fruit",Survey (FNDDS),greek yogurt,7.81,3.92,9.21,104.0
173434,"Yogurt, Greek, 2% fat, key lime blend, CHOBANI",SR Legacy,greek yogurt,7.75,1.47,11.9,92.0
170891,"Yogurt, Greek, 2% fat,mixed berry blend, CHOBANI",SR Legacy,greek yogurt,8.26,1.83,10.9,93.0
2705439,"Yogurt, Greek, low fat milk, flavors other than fruit",Survey (FNDDS),greek yogurt,9.07,1.34,8.18,81.0
2705437,"Yogurt, Greek, NS as to type of milk, flavors other than fruit",Survey (FNDDS),greek yogurt,9.07,1.34,8.18,81.0
170894,"Yogurt, Greek, plain, nonfat (Includes foods for USDA's Food Distribution Program)",SR Legacy,greek yogurt,10.2,0.39,3.6,59.0
2709830,"Greek Salad, no dressing",Survey (FNDDS),greek yogurt,2.75,2.26,4.35,48.0
171578,"SMART SOUP, Greek Minestrone",SR Legacy,greek yogurt,1.7,0.53,8.4,40.0
2705443,Yogurt tube,Survey (FNDDS),greek yogurt,4.34,1.03,13.68,81.0
2705442,"Yogurt, liquid",Survey (FNDDS),greek yogurt,3.65,1.07,12.55,74.0
2705414,"Yogurt, NFS",Survey (FNDDS),greek yogurt,6.67,2.87,10.22,94.0
2707444,"Yogurt, soy",Survey (FNDDS),greek yogurt,4.83,2.63,12.27,90.0
2705456,Frozen yogurt sandwich,Survey (FNDDS),greek yogurt,3.9,6.25,34.38,204.0
2705446,"Ranch dip, yogurt based",Survey (FNDDS),greek yogurt,8.48,16.09,4.13,195.0
2705447,"Spinach dip, yogurt based",Survey (FNDDS),greek yogurt,7.02,12.96,3.59,159.0
2705449,"Vegetable dip, yogurt based",Survey (FNDDS),greek yogurt,8.16,16.03,3.76,191.0
2705444,"Chipotle dip, yogurt based",Survey (FNDDS),greek yogurt,7.93,15.99,3.33,189.0
2705453,"Frozen yogurt, chocolate",Survey (FNDDS),greek yogurt,3.0,3.6,21.6,131.0
2705451,"Frozen yogurt, NFS",Survey (FNDDS),greek yogurt,3.0,3.6,21.6,127.0
2705452,"Frozen yogurt, vanilla",Survey (FNDDS),greek yogurt,3.0,3.6,21.6,127.0
168104,"Frozen yogurts, chocolate",SR Legacy,greek yogurt,3.0,3.6,21.6,547.0
2705450,"Yogurt parfait, with fruit",Survey (FNDDS),greek yogurt,5.25,2.18,16.08,104.0
2707570,"Yogurt, almond milk",Survey (FNDDS),greek yogurt,3.03,7.03,12.98,128.0
2707569,"Yogurt, coconut milk",Survey (FNDDS),greek yogurt,2.37,5.61,12.91,108.0
2287080,COTTAGE CHEESE,Branded,cottage cheese,11.5,4.42,3.54,106.0
2038049,COTTAGE CHEESE,Branded,cottage cheese,10.6,1.33,5.31,80.0
2433763,COTTAGE CHEESE,Branded,cottage cheese,11.4,4.39,3.51,105.0
2102157,COTTAGE CHEESE,Branded,cottage cheese,10.6,0.0,3.54,62.0
2078618,COTTAGE CHEESE,Branded,cottage cheese,12.4,4.42,2.65,106.0
1920455,COTTAGE CHEESE,Branded,cottage cheese,10.6,0.0,5.31,71.0
2474206,COTTAGE CHEESE,Branded,cottage cheese,10.6,4.42,4.42,97.0
1593065,COTTAGE CHEESE,Branded,cottage cheese,8.47,5.08,5.93,102.0
1864388,COTTAGE CHEESE,Branded,cottage cheese,11.5,0.88,4.42,80.0
1961804,COTTAGE CHEESE,Branded,cottage cheese,9.65,4.39,4.39,88.0
2658102,COTTAGE CHEESE,Branded,cottage cheese,11.5,2.21,4.42,80.0
2025821,COTTAGE CHEESE,Branded,cottage cheese,10.6,4.42,4.42,97.0
2658451,COTTAGE CHEESE,Branded,cottage cheese,8.55,0.0,6.84,68.0
2117007,COTTAGE CHEESE,Branded,cottage cheese,13.3,2.21,3.54,88.0
2117010,COTTAGE CHEESE,Branded,cottage cheese,13.3,2.21,3.54,88.0
2117012,COTTAGE CHEESE,Branded,cottage cheese,13.3,2.21,3.54,88.0
2546921,COTTAGE CHEESE,Branded,cottage cheese,7.5,4.0,6.5,95.0
2100766,COTTAGE CHEESE,Branded,cottage cheese,12.4,3.98,4.42,106.0
2055879,COTTAGE CHEESE,Branded,cottage cheese,9.73,1.77,4.42,71.0
1941011,COTTAGE CHEESE,Branded,cottage cheese,10.6,4.42,4.42,97.0
2101852,COTTAGE CHEESE,Branded,cottage cheese,12.3,4.39,4.39,105.0
2639059,COTTAGE CHEESE,Branded,cottage cheese,11.8,5.45,3.64,100.0
2471337,COTTAGE CHEESE,Branded,cottage cheese,10.6,4.42,3.54,97.0
1864360,COTTAGE CHEESE,Branded,cottage cheese,11.5,4.42,4.42,106.0
2112025,COTTAGE CHEESE,Branded,cottage cheese,11.8,5.45,3.64,100.0
2021248,COTTAGE CHEESE,Branded,cottage cheese,10.5,0.0,5.26,70.0
2069295,COTTAGE CHEESE,Branded,cottage cheese,11.5,4.42,3.54,106.0
2101698,COTTAGE CHEESE,Branded,cottage cheese,12.4,0.0,3.54,71.0
2102331,COTTAGE CHEESE,Branded,cottage cheese,12.2,1.3,5.22,78.0
2078671,COTTAGE CHEESE,Branded,cottage cheese,9.65,4.39,4.39,88.0
2455951,COTTAGE CHEESE,Branded,cottage cheese,11.5,4.42,4.42,106.0
2038048,COTTAGE CHEESE,Branded,cottage cheese,10.6,4.42,4.42,97.0
2038053,COTTAGE CHEESE,Branded,cottage cheese,10.6,4.42,4.42,97.0
2412209,COTTAGE CHEESE,Branded,cottage cheese,10.6,1.33,4.42,80.0
2099164,COTTAGE CHEESE,Branded,cottage cheese,12.3,4.39,4.39,105.0
2109742,COTTAGE CHEESE,Branded,cottage cheese,11.8,0.0,5.45,73.0
2117063,COTTAGE CHEESE,Branded,cottage cheese,12.4,1.77,3.54,80.0
2121377,COTTAGE CHEESE,Branded,cottage cheese,11.8,4.09,4.55,100.0
2117008,COTTAGE CHEESE,Branded,cottage cheese,13.3,2.21,3.54,88.0
2112104,COTTAGE CHEESE,Branded,cottage cheese,12.4,4.42,2.65,106.0
2112108,COTTAGE CHEESE,Branded,cottage cheese,12.4,1.77,3.54,80.0
2112109,COTTAGE CHEESE,Branded,cottage cheese,12.4,4.42,2.65,106.0
1921012,COTTAGE CHEESE,Branded,cottage cheese,10.6,0.88,5.31,71.0
1920216,COTTAGE CHEESE,Branded,cottage cheese,14.2,0.88,3.54,80.0
2025330,COTTAGE CHEESE,Branded,cottage cheese,11.5,3.54,3.54,97.0
1047855,COTTAGE CHEESE,Branded,cottage cheese,10.6,4.42,3.54,97.0
2071673,COTTAGE CHEESE,Branded,cottage cheese,10.6,4.42,4.42,97.0
2071672,COTTAGE CHEESE,Branded,cottage cheese,10.6,4.42,4.42,97.0
2485706,COTTAGE CHEESE,Branded,cottage cheese,12.4,2.21,3.54,80.0
2098893,COTTAGE CHEESE,Branded,cottage cheese,12.3,4.39,4.39,105.0
2617239,COTTAGE CHEESE,Branded,cottage cheese,10.6,4.42,4.42,106.0
2055823,COTTAGE CHEESE,Branded,cottage cheese,10.6,4.42,4.42,97.0
2009920,COTTAGE CHEESE,Branded,cottage cheese,12.4,0.0,5.31,71.0
2056888,COTTAGE CHEESE,Branded,cottage cheese,12.1,0.0,6.03,78.0
2100408,COTTAGE CHEESE,Branded,cottage cheese,12.2,1.3,5.22,78.0
2104455,COTTAGE CHEESE,Branded,cottage cheese,10.6,4.42,4.42,97.0
2136721,COTTAGE CHEESE,Branded,cottage cheese,9.65,4.39,4.39,88.0
2062001,COTTAGE CHEESE,Branded,cottage cheese,9.0,10.0,3.0,140.0
1593181,COTTAGE CHEESE,Branded,cottage cheese,8.55,0.0,6.84,68.0
1921005,COTTAGE CHEESE,Branded,cottage cheese,10.6,0.0,5.31,0.0
2316182,COTTAGE CHEESE,Branded,cottage cheese,10.6,4.42,4.42,97.0
2021504,COTTAGE CHEESE,Branded,cottage cheese,12.4,0.0,5.31,71.0
2117013,COTTAGE CHEESE,Branded,cottage cheese,11.5,2.21,4.42,80.0
1028783,COTTAGE CHEESE,Branded,cottage cheese,9.65,4.39,4.39,88.0
2631917,COTTAGE CHEESE,Branded,cottage cheese,11.5,4.42,4.42,106.0
2071669,COTTAGE CHEESE,Branded,cottage cheese,10.6,2.21,5.31,80.0
2071668,COTTAGE CHEESE,Branded,cottage cheese,10.6,1.33,5.31,80.0
2032586,COTTAGE CHEESE,Branded,cottage cheese,7.96,3.54,15.0,115.0
2055813,COTTAGE CHEESE,Branded,cottage cheese,10.6,4.42,4.42,106.0
2055861,COTTAGE CHEESE,Branded,cottage cheese,12.4,4.42,2.65,106.0
2055890,COTTAGE CHEESE,Branded,cottage cheese,10.6,4.42,4.42,97.0
1885445,COTTAGE CHEESE,Branded,cottage cheese,10.9,0.0,4.55,64.0
2096717,COTTAGE CHEESE,Branded,cottage cheese,12.4,3.81,3.81,105.0
2056568,COTTAGE CHEESE,Branded,cottage cheese,12.4,4.42,2.65,106.0
1885997,COTTAGE CHEESE,Branded,cottage cheese,10.6,0.88,5.31,71.0
2709656,Fried broccoli,Survey (FNDDS),broccoli,4.28,12.88,22.41,223.0
2709643,"Broccoli, raw",Survey (FNDDS),broccoli,2.57,0.34,6.27,39.0
2706738,Beef and broccoli,Survey (FNDDS),broccoli,10.43,10.63,5.09,160.0
747447,"Broccoli, raw",Foundation,broccoli,2.57,0.34,6.27,31.0
170379,"Broccoli, raw",SR Legacy,broccoli,2.82,0.37,6.64,34.0
170381,"Broccoli raab, raw",SR Legacy,broccoli,3.17,0.49,2.85,92.0
2709572,"Broccoli raab, raw",Survey (FNDDS),broccoli,3.17,0.49,2.85,22.0
2709813,Broccoli slaw salad,Survey (FNDDS),broccoli,1.97,8.11,10.41,123.0
2709657,"Broccoli, chinese, raw",Survey (FNDDS),broccoli,1.2,0.76,4.67,26.0
2709654,Broccoli casserole with noodles,Survey (FNDDS),broccoli,3.55,3.77,15.86,112.0
2709655,Broccoli casserole with rice,Survey (FNDDS),broccoli,4.14,3.6,15.06,107.0
169404,"Broccoli, chinese, raw",SR Legacy,broccoli,1.2,0.76,4.67,26.0
169329,"Broccoli, leaves, raw",SR Legacy,broccoli,2.98,0.35,5.06,28.0
169331,"Broccoli, stalks, raw",SR Legacy,broccoli,2.98,0.35,5.24,28.0
2709659,"Soup, broccoli cheese",Survey (FNDDS),broccoli,4.26,4.54,6.08,82.0
2709644,"Broccoli, cooked, from restaurant",Survey (FNDDS),broccoli,2.55,4.66,6.2,77.0
2709650,"Broccoli, fresh, cooked with oil",Survey (FNDDS),broccoli,2.59,3.37,6.32,67.0
2709652,"Broccoli, frozen, cooked with oil",Survey (FNDDS),broccoli,3.0,3.02,5.18,53.0
2709647,"Broccoli, NS as to form, cooked",Survey (FNDDS),broccoli,2.6,3.0,6.33,63.0
169330,"Broccoli, flower clusters, raw",SR Legacy,broccoli,2.98,0.35,5.06,28.0
169968,"Broccoli, frozen, chopped, unprepared",SR Legacy,broccoli,2.81,0.29,4.78,26.0
2709645,"Broccoli, fresh, cooked, no added fat",Survey (FNDDS),broccoli,2.67,0.35,6.51,41.0
2709646,"Broccoli, frozen, cooked, no added fat",Survey (FNDDS),broccoli,3.09,0.12,5.33,28.0
172288,"Babyfood, dinner, broccoli and chicken, junior",SR Legacy,broccoli,3.59,2.48,6.34,259.0
2710032,"Broccoli and cauliflower, cooked, fat added",Survey (FNDDS),broccoli,2.29,2.71,4.41,46.0
2710031,"Broccoli and cauliflower, cooked, no added fat",Survey (FNDDS),broccoli,2.35,0.17,4.54,23.0
170989,"Babyfood, mashed cheddar potatoes and broccoli, toddlers",SR Legacy,broccoli,1.11,1.47,7.47,48.0
2710034,"Broccoli, cauliflower and carrots, cooked, fat added",Survey (FNDDS),broccoli,1.72,2.9,5.43,50.0
2710033,"Broccoli, cauliflower and carrots, cooked, no added fat",Survey (FNDDS),broccoli,1.76,0.34,5.59,28.0
169967,"Broccoli, cooked, boiled, drained, without salt",SR Legacy,broccoli,2.38,0.41,7.18,146.0
171178,"Soup, broccoli cheese, canned, condensed, commercial",SR Legacy,broccoli,2.1,5.3,7.7,87.0
2709812,"Broccoli salad with cauliflower, cheese, bacon bits, and dressing",Survey (FNDDS),broccoli,5.83,22.82,10.38,270.0
168511,"Broccoli, frozen, chopped, cooked, boiled, drained, with salt",SR Legacy,broccoli,3.1,0.12,5.35,28.0
168512,"Broccoli, frozen, spears, cooked, boiled, drained, with salt",SR Legacy,broccoli,3.1,0.11,5.35,28.0
2709648,"Broccoli, fresh, cooked, fat added, NS as to fat type",Survey (FNDDS),broccoli,2.6,3.0,6.33,63.0
2709649,"Broccoli, frozen, cooked, fat added, NS as to fat type",Survey (FNDDS),broccoli,3.01,2.66,5.18,50.0
169969,"Broccoli, frozen, chopped, cooked, boiled, drained, without salt",SR Legacy,broccoli,3.1,0.12,5.35,28.0
170380,"Broccoli, frozen, spears, cooked, boiled, drained, without salt",SR Legacy,broccoli,3.1,0.11,5.36,116.0
2706753,"Beef and vegetables excluding carrots, broccoli, and dark-green leafy; no potatoes, gravy",Survey (FNDDS),broccoli,8.11,7.34,6.47,122.0
2706729,"Beef and vegetables excluding carrots, broccoli, and dark-green leafy; no potatoes, no sauce",Survey (FNDDS),broccoli,10.03,7.09,5.16,121.0
2706752,"Beef and vegetables including carrots, broccoli, and/or dark-green leafy; no potatoes, gravy",Survey (FNDDS),broccoli,8.06,7.34,4.5,115.0
2706728,"Beef and vegetables including carrots, broccoli, and/or dark-green leafy; no potatoes, no sauce",Survey (FNDDS),broccoli,11.41,6.73,3.0,116.0
2709628,"Spinach, creamed",Survey (FNDDS),spinach,2.39,6.09,6.11,90.0
2709614,"Spinach, raw",Survey (FNDDS),spinach,2.85,0.62,2.41,27.0
2709629,Spinach souffle,Survey (FNDDS),spinach,5.72,8.64,7.13,128.0
170494,Spinach souffle,SR Legacy,spinach,7.89,13.0,5.9,172.0
168462,"Spinach, raw",SR Legacy,spinach,2.86,0.39,3.63,97.0
2709630,Spinach and cheese casserole,Survey (FNDDS),spinach,7.05,7.59,9.86,130.0
2708755,Lasagna with meat and spinach,Survey (FNDDS),spinach,13.33,10.79,13.76,207.0
169400,"Malabar spinach, cooked",SR Legacy,spinach,2.98,0.78,2.71,23.0
2705783,Spinach and artichoke dip,Survey (FNDDS),spinach,4.21,32.76,5.07,329.0
2705626,"Spinach dip, light",Survey (FNDDS),spinach,2.2,12.41,11.42,165.0
2705625,"Spinach dip, regular",Survey (FNDDS),spinach,2.35,35.83,3.44,345.0
2708732,"Spinach quiche, meatless",Survey (FNDDS),spinach,10.29,23.51,11.68,299.0
2709831,"Spinach salad, no dressing",Survey (FNDDS),spinach,7.02,5.07,2.09,84.0
2710791,"Spinach, cooked, as ingredient",Survey (FNDDS),spinach,3.42,0.71,3.11,33.0
2710254,"Spinach, for use on a sandwich",Survey (FNDDS),spinach,2.85,0.62,2.41,27.0
2709626,"Spinach, canned, cooked with oil",Survey (FNDDS),spinach,2.73,3.4,3.3,49.0
2709618,"Spinach, fresh, cooked with oil",Survey (FNDDS),spinach,3.31,4.1,3.01,63.0
2709624,"Spinach, frozen, cooked with oil",Survey (FNDDS),spinach,3.88,3.75,4.65,59.0
2709620,"Spinach, NS as to form, cooked",Survey (FNDDS),spinach,3.32,3.68,3.01,59.0
2708757,"Lasagna, with chicken or turkey, and spinach",Survey (FNDDS),spinach,13.51,10.14,13.76,201.0
168438,"Mustard spinach, (tendergreen), raw",SR Legacy,spinach,2.2,0.3,3.9,22.0
168440,"New Zealand spinach, raw",SR Legacy,spinach,1.5,0.2,2.5,14.0
2708794,"Tortellini, spinach-filled, no sauce",Survey (FNDDS),spinach,8.94,7.4,21.4,188.0
2709617,"Spinach, canned, cooked, no added fat",Survey (FNDDS),spinach,2.81,0.5,3.4,23.0
2709615,"Spinach, fresh, cooked, no added fat",Survey (FNDDS),spinach,3.41,0.7,3.1,33.0
2709616,"Spinach, frozen, cooked, no added fat",Survey (FNDDS),spinach,4.0,0.87,4.79,34.0
170941,"Babyfood, vegetables, spinach, creamed, strained",SR Legacy,spinach,2.5,1.3,5.7,37.0
2708795,"Cannelloni, cheese- and spinach-filled, no sauce",Survey (FNDDS),spinach,6.31,6.51,18.36,157.0
169734,"Noodles, egg, spinach, enriched, cooked",SR Legacy,spinach,5.04,1.57,24.2,132.0
169733,"Noodles, egg, spinach, enriched, dry",SR Legacy,spinach,14.6,4.55,70.3,382.0
169729,"Pasta, fresh-refrigerated, spinach, as purchased",SR Legacy,spinach,11.3,2.1,55.7,289.0
2708772,"Ravioli, cheese and spinach-filled, no sauce",Survey (FNDDS),spinach,6.62,4.51,20.83,150.0
2708793,"Tortellini, spinach-filled, with tomato sauce",Survey (FNDDS),spinach,4.49,4.36,16.11,121.0
2708774,"Ravioli, cheese and spinach filled, with tomato sauce",Survey (FNDDS),spinach,5.19,3.37,16.82,117.0
2708773,"Ravioli, cheese and spinach-filled, with cream sauce",Survey (FNDDS),spinach,5.56,6.74,15.67,145.0
170123,"Spinach, canned, no salt added, solids and liquids",SR Legacy,spinach,2.11,0.37,2.92,19.0
169286,"Spinach, canned, regular pack, drained solids",SR Legacy,spinach,2.81,0.5,3.4,23.0
169285,"Spinach, canned, regular pack, solids and liquids",SR Legacy,spinach,2.11,0.37,2.92,19.0
168463,"Spinach, cooked, boiled, drained, without salt",SR Legacy,spinach,2.97,0.26,3.75,23.0
2708782,"Stuffed shells, cheese- and spinach- filled, no sauce",Survey (FNDDS),spinach,9.56,6.63,22.36,187.0
2391372,KALE,Branded,kale,4.71,1.18,8.24,47.0
1602525,KALE,Branded,kale,3.54,0.88,9.73,53.0
511766,KALE,Branded,kale,3.54,0.88,9.73,53.0
2505655,KALE,Branded,kale,2.35,1.76,4.71,47.0
168421,"Kale, raw",SR Legacy,kale,2.92,1.49,4.42,35.0
2709599,"Kale, raw",Survey (FNDDS),kale,2.92,1.49,4.42,43.0
323505,"Kale, raw",Foundation,kale,2.92,1.49,4.42,35.0
169239,"Kale, frozen, unprepared",SR Legacy,kale,2.66,0.46,4.88,116.0
2709602,"Kale, NS as to form, cooked",Survey (FNDDS),kale,3.05,4.29,4.61,69.0
2709603,"Kale, fresh, cooked, fat added",Survey (FNDDS),kale,3.05,4.29,4.61,69.0
2709600,"Kale, fresh, cooked, no added fat",Survey (FNDDS),kale,3.13,1.6,4.74,46.0
2709604,"Kale, frozen, cooked, fat added",Survey (FNDDS),kale,2.85,3.72,5.14,66.0
2709601,"Kale, frozen, cooked, no added fat",Survey (FNDDS),kale,2.93,1.21,5.28,44.0
169238,"Kale, cooked, boiled, drained, without salt",SR Legacy,kale,2.94,1.21,5.3,151.0
169356,"Kale, frozen, cooked, boiled, drained, with salt",SR Legacy,kale,2.94,1.21,5.3,151.0
169240,"Kale, frozen, cooked, boiled, drained, without salt",SR Legacy,kale,2.94,1.21,5.3,151.0
326196,"Kale, frozen, cooked, boiled, drained, without salt",Foundation,kale,2.94,1.21,5.3,151.0
2381602,"KALE CRACKERS, KALE",Branded,kale,7.14,25.0,60.7,500.0
2392925,"KALE PASTA SAUCE, KALE",Branded,kale,1.6,2.8,6.4,56.0
1065019,"KALE PASTA SAUCE, KALE",Branded,kale,1.6,2.8,6.4,56.0
2553766,"KALE SPROUTED HUMMUS, KALE",Branded,kale,5.26,17.5,15.8,228.0
2403662,"KALE VEGAN PESTO, KALE",Branded,kale,6.78,35.6,5.08,339.0
2599103,"KALE VEGGIE BURGERS, KALE",Branded,kale,14.1,11.3,15.5,211.0
1902799,"KALE VEGGIE BURGERS, KALE",Branded,kale,14.1,11.3,15.5,211.0
2628629,"KALE VEGGIE CHIPS, KALE",Branded,kale,10.7,12.5,35.7,286.0
2469065,"KIDS KALE LITTLES, KALE",Branded,kale,3.53,9.41,17.6,176.0
2312760,"POWER SALAD WITH KALE, KALE",Branded,kale,3.23,7.66,21.8,161.0
2709598,"Greens, canned, cooked",Survey (FNDDS),kale,1.32,2.82,2.71,41.0
2408909,"APPLE KALE WRAPS, APPLE KALE",Branded,kale,16.7,0.0,58.3,292.0
2620647,"GARLIC AND KALE HUMMUS, GARLIC AND KALE",Branded,kale,3.57,16.1,14.3,214.0
2392133,"KALE & QUINOA BURGER, KALE & QUINOA",Branded,kale,4.0,12.0,25.3,213.0
1892127,"KALE BARS WITH DATES, KALE WITH DATES",Branded,kale,11.1,13.3,57.8,356.0
2321765,"KALE CRANBERRY SALAD, KALE CRANBERRY",Branded,kale,3.68,7.98,19.6,166.0
2653062,"KALE CRANBERRY SALAD, KALE CRANBERRY",Branded,kale,3.82,22.1,11.4,252.0
2396132,"KALE PESTO SAUCE, KALE PESTO",Branded,kale,6.0,30.0,6.0,290.0
1863770,"KALE PESTO SAUCE, KALE PESTO",Branded,kale,8.06,43.6,4.84,435.0
2385518,"KALE QUINOA SALAD, KALE QUINOA",Branded,kale,4.23,7.75,0.02,183.0
2638794,"KALE SUPER SALAD KIT, KALE",Branded,kale,1.18,0.0,17.6,71.0
2624780,"MUSHROOM KALE RAVIOLI, MUSHROOM KALE",Branded,kale,10.0,6.0,29.0,200.0
2172432,"RAW KALE SALAD, RAW KALE",Branded,kale,2.82,25.4,29.6,324.0
1962959,"SWEET KALE SALAD, SWEET KALE",Branded,kale,4.49,12.8,24.4,218.0
2629101,"TOMATO & KALE BISQUE, TOMATO & KALE",Branded,kale,1.32,3.08,7.49,62.0
2476107,"KALE BLAZER KALE FLAVORED BLEND OF 8 JUICES, KALE BLAZER",Branded,kale,1.25,0.0,8.75,42.0
2327456,"RAINBOW KALE ORGANIC A BLEND OF GREEN, RED & LACINATO KALE, RAINBOW KALE",Branded,kale,3.53,0.0,8.24,59.0
1923293,"ORGANIC KALE & CHARD BLEND, KALE & CHARD",Branded,kale,3.53,0.0,5.88,35.0
2289096,BABY KALE,Branded,kale,4.71,1.18,8.24,47.0
2379018,BABY KALE,Branded,kale,4.71,1.18,8.24,47.0
2601505,CHOPPED KALE,Branded,kale,2.35,0.0,4.71,29.0
2340215,CHOPPED KALE,Branded,kale,2.3,0.0,4.6,29.0
2431452,CHOPPED KALE,Branded,kale,2.35,0.0,4.71,35.0
2100326,CHOPPED KALE,Branded,kale,2.41,0.0,3.61,30.0
2596688,CHOPPED KALE,Branded,kale,2.35,0.0,4.71,29.0
2637475,CHOPPED KALE,Branded,kale,2.35,0.0,3.53,29.0
2040227,CHOPPED KALE,Branded,kale,2.41,0.0,3.61,30.0
2505108,CHOPPED KALE,Branded,kale,2.35,0.0,4.71,29.0
2638411,CHOPPED KALE,Branded,kale,2.35,0.0,4.71,29.0
1854728,CHOPPED KALE,Branded,kale,2.35,0.0,4.71,29.0
2409213,CHOPPED KALE,Branded,kale,2.35,0.0,4.71,29.0
2624936,CHOPPED KALE,Branded,kale,4.71,1.18,8.24,59.0
2059309,CHOPPED KALE,Branded,kale,1.08,0.0,2.16,14.0
2632768,KALE GREENS,Branded,kale,4.71,1.18,8.24,47.0
2632769,KALE GREENS,Branded,kale,4.71,1.18,8.24,47.0
2071472,BABY KALE,Branded,kale,3.53,0.59,10.6,53.0
2621264,KALE GREENS,Branded,kale,4.71,1.18,8.24,47.0
2173832,KALE GREENS,Branded,kale,4.71,1.18,9.41,47.0
1858670,KALE GREENS,Branded,kale,3.53,1.18,10.6,53.0
2382626,KALE GREENS,Branded,kale,4.71,1.18,8.24,59.0
2474906,KALE GREENS,Branded,kale,4.71,1.18,8.24,59.0
2440935,KALE POWDER,Branded,kale,20.0,20.0,60.0,300.0
1888324,KALE SPROUTS,Branded,kale,3.53,0.59,3.53,29.0
1888350,ORGANIC KALE,Branded,kale,4.71,1.18,8.24,47.0
2709660,"Carrots, raw",Survey (FNDDS),carrot,0.87,0.24,9.68,44.0
170500,"Carrot, dehydrated",SR Legacy,carrot,8.1,1.49,79.6,341.0
170393,"Carrots, raw",SR Legacy,carrot,0.93,0.24,9.58,173.0
2707845,"Muffin, carrot",Survey (FNDDS),carrot,5.01,13.21,44.42,314.0
2709661,"Carrots, raw, salad",Survey (FNDDS),carrot,1.25,15.74,17.62,212.0
169871,"Babyfood, carrots, toddler",SR Legacy,carrot,0.6,0.3,5.23,21.0
2707859,"Cake or cupcake, carrot",Survey (FNDDS),carrot,2.49,17.52,51.8,374.0
2709683,"Carrot juice, 100%",Survey (FNDDS),carrot,0.95,0.15,9.28,40.0
170491,"Carrot juice, canned",SR Legacy,carrot,0.95,0.15,9.28,40.0
168568,"Carrots, baby, raw",SR Legacy,carrot,0.64,0.13,8.24,145.0
746764,"Carrots, frozen, unprepared",Foundation,carrot,0.81,0.47,7.92,153.0
2709662,"Carrots, raw, salad with apples",Survey (FNDDS),carrot,0.85,16.02,8.59,181.0
2709675,"Carrots, canned, cooked with oil",Survey (FNDDS),carrot,0.62,3.1,5.38,50.0
2709663,"Carrots, cooked, from restaurant",Survey (FNDDS),carrot,0.94,4.67,10.15,86.0
2709667,"Carrots, fresh, cooked with oil",Survey (FNDDS),carrot,0.95,3.38,10.36,76.0
2709673,"Carrots, frozen, cooked with oil",Survey (FNDDS),carrot,0.78,3.36,7.67,64.0
2709669,"Carrots, NS as to form, cooked",Survey (FNDDS),carrot,0.96,3.0,10.36,72.0
173518,"Babyfood, carrots and beef, strained",SR Legacy,carrot,3.4,2.5,5.7,59.0
169043,"Babyfood, juice, orange-carrot",SR Legacy,carrot,0.5,0.1,9.9,43.0
173507,"Babyfood, vegetables, carrots, junior",SR Legacy,carrot,0.8,0.2,7.2,32.0
173506,"Babyfood, vegetables, carrots, strained",SR Legacy,carrot,0.8,0.1,6.0,109.0
170425,"Peas and carrots, frozen, unprepared",SR Legacy,carrot,3.4,0.47,11.2,53.0
2709666,"Carrots, canned, cooked, no added fat",Survey (FNDDS),carrot,0.64,0.19,5.54,25.0
2709664,"Carrots, fresh, cooked, no added fat",Survey (FNDDS),carrot,0.98,0.36,10.67,50.0
2709665,"Carrots, frozen, cooked, no added fat",Survey (FNDDS),carrot,0.81,0.47,7.9,39.0
2710118,"Baby Toddler carrots, Stage 1",Survey (FNDDS),carrot,0.8,0.1,6.0,26.0
2710119,"Baby Toddler carrots, Stage 2",Survey (FNDDS),carrot,0.8,0.2,7.2,32.0
2709687,"Peas and carrots, cooked, NS as to form",Survey (FNDDS),carrot,3.22,3.03,12.47,89.0
171184,"SMART SOUP, Vietnamese Carrot Lemongrass",SR Legacy,carrot,1.3,1.06,8.2,44.0
2709680,"Carrots, canned, reduced sodium, cooked with oil",Survey (FNDDS),carrot,0.57,3.05,5.2,49.0
174932,"Cake, pudding-type, carrot, dry mix",SR Legacy,carrot,5.1,9.8,79.2,415.0
168518,"Carrots, canned, no salt added, drained solids",SR Legacy,carrot,0.64,0.19,5.54,25.0
169340,"Carrots, canned, no salt added, solids and liquids",SR Legacy,carrot,0.59,0.14,5.36,23.0
170396,"Carrots, canned, regular pack, drained solids",SR Legacy,carrot,0.64,0.19,5.54,105.0
170395,"Carrots, canned, regular pack, solids and liquids",SR Legacy,carrot,0.58,0.14,5.37,23.0
170394,"Carrots, cooked, boiled, drained, without salt",SR Legacy,carrot,0.76,0.18,8.22,35.0
168519,"Carrots, frozen, cooked, boiled, drained, with salt",SR Legacy,carrot,0.58,0.68,7.73,155.0
2709690,"Peas and carrots, canned, cooked, fat added",Survey (FNDDS),carrot,2.49,3.03,8.21,68.0
2709686,"Peas and carrots, canned, cooked, no added fat",Survey (FNDDS),carrot,2.56,0.5,8.45,46.0
2709688,"Peas and carrots, fresh, cooked, fat added",Survey (FNDDS),carrot,3.22,3.03,12.47,89.0
2709684,"Peas and carrots, fresh, cooked, no added fat",Survey (FNDDS),carrot,3.3,0.39,12.84,67.0
2709689,"Peas and carrots, frozen, cooked, fat added",Survey (FNDDS),carrot,2.89,2.9,10.74,80.0
2709685,"Peas and carrots, frozen, cooked, no added fat",Survey (FNDDS),carrot,2.97,0.37,11.06,58.0
2709048,"Rice, brown, with peas and carrots, fat added",Survey (FNDDS),carrot,2.73,2.66,21.97,123.0
2709047,"Rice, brown, with peas and carrots, no added fat",Survey (FNDDS),carrot,2.78,0.84,22.39,109.0
2709046,"Rice, brown, with peas and carrots, NS as to fat",Survey (FNDDS),carrot,2.73,2.66,21.97,123.0
2709007,"Rice, white, with peas and carrots, fat added",Survey (FNDDS),carrot,2.69,2.45,23.25,128.0
2709006,"Rice, white, with peas and carrots, no added fat",Survey (FNDDS),carrot,2.75,0.3,23.76,111.0
2709005,"Rice, white, with peas and carrots, NS as to fat",Survey (FNDDS),carrot,2.69,2.45,23.25,128.0
2709678,"Carrots, canned, reduced sodium, cooked, no added fat",Survey (FNDDS),carrot,0.59,0.14,5.36,23.0
169984,"Carrots, frozen, cooked, boiled, drained, without salt",SR Legacy,carrot,0.58,0.68,7.73,155.0
170512,"Peas and carrots, canned, no salt added, solids and liquids",SR Legacy,carrot,2.17,0.27,8.48,38.0
170424,"Peas and carrots, canned, regular pack, solids and liquids",SR Legacy,carrot,2.17,0.27,8.48,38.0
170513,"Peas and carrots, frozen, cooked, boiled, drained, with salt",SR Legacy,carrot,3.09,0.42,10.1,201.0
2709672,"Carrots, canned, cooked, fat added, NS as to fat type",Survey (FNDDS),carrot,0.63,2.74,5.38,47.0
2709670,"Carrots, fresh, cooked, fat added, NS as to fat type",Survey (FNDDS),carrot,0.96,3.0,10.36,72.0
2709671,"Carrots, frozen, cooked, fat added, NS as to fat type",Survey (FNDDS),carrot,0.79,3.0,7.67,61.0
173487,"Babyfood, GERBER, 2nd Foods, apple, carrot and squash, organic",SR Legacy,carrot,1.1,0.0,14.8,266.0
170336,"TACO BELL, Nachos",SR Legacy,bell pepper,4.32,21.5,34.9,1470.0
170734,"TACO BELL, Bean Burrito",SR Legacy,bell pepper,7.35,6.05,31.2,873.0
170337,"TACO BELL, Nachos Supreme",SR Legacy,bell pepper,6.21,12.5,21.4,223.0
170736,"TACO BELL, Taco Salad",SR Legacy,bell pepper,6.69,9.17,15.1,710.0
170735,"TACO BELL, BURRITO SUPREME with beef",SR Legacy,bell pepper,7.03,6.8,23.4,183.0
170334,"TACO BELL, BURRITO SUPREME with chicken",SR Legacy,bell pepper,9.84,6.42,20.5,750.0
170335,"TACO BELL, BURRITO SUPREME with steak",SR Legacy,bell pepper,9.13,7.27,20.3,183.0
170733,"TACO BELL, Soft Taco with steak",SR Legacy,bell pepper,11.8,12.1,17.2,225.0
2079108,BELL PEPPERS,Branded,bell pepper,1.18,0.0,4.71,18.0
170332,"TACO BELL, Original Taco with beef, cheese and lettuce",SR Legacy,bell pepper,8.86,12.7,19.8,229.0
170333,"TACO BELL, Soft Taco with beef, cheese and lettuce",SR Legacy,bell pepper,9.25,9.75,20.2,860.0
170732,"TACO BELL, Soft Taco with chicken, cheese and lettuce",SR Legacy,bell pepper,13.3,6.35,19.7,189.0
2706747,Pepper steak,Survey (FNDDS),bell pepper,11.88,9.12,4.34,145.0
2710096,"Peppers, jalapenos",Survey (FNDDS),bell pepper,0.86,0.38,5.53,26.0
2590026,"BELL PEPPER & ONION SAUSAGE, BELL PEPPER & ONION",Branded,bell pepper,16.1,26.8,0.0,304.0
2020513,"BELL PEPPER ZESTY RELISH, BELL PEPPER ZESTY",Branded,bell pepper,0.0,0.0,31.6,132.0
2654859,"BELL PEPPERS + CHIPOTLE GUACAMOLE, BELL PEPPERS + CHIPOTLE",Branded,bell pepper,3.33,20.0,6.67,200.0
2709798,"Peppers, hot, raw",Survey (FNDDS),bell pepper,1.39,0.4,7.66,34.0
2709978,"Peppers, hot, cooked",Survey (FNDDS),bell pepper,1.41,3.06,7.72,59.0
2709977,"Peppers, red, cooked",Survey (FNDDS),bell pepper,0.92,2.78,6.71,55.0
2709802,"Peppers, banana, raw",Survey (FNDDS),bell pepper,1.66,0.45,5.35,27.0
2710093,Hot pepper sauce,Survey (FNDDS),bell pepper,1.29,0.76,0.8,12.0
169394,"Pepper, banana, raw",SR Legacy,bell pepper,1.66,0.45,5.35,113.0
2710253,"Pepper, for use on a sandwich",Survey (FNDDS),bell pepper,0.81,0.12,5.72,27.0
169396,"Peppers, ancho, dried",SR Legacy,bell pepper,11.9,8.2,51.4,1180.0
2709976,"Peppers, green, cooked",Survey (FNDDS),bell pepper,0.74,2.76,4.83,47.0
2710095,"Peppers, hot, pickled",Survey (FNDDS),bell pepper,0.8,0.4,4.56,22.0
168578,"Peppers, hungarian, raw",SR Legacy,bell pepper,0.8,0.41,6.7,29.0
168576,"Peppers, jalapeno, raw",SR Legacy,bell pepper,0.91,0.37,6.5,29.0
168579,"Peppers, pasilla, dried",SR Legacy,bell pepper,12.4,15.8,51.1,345.0
2709799,"Peppers, raw, NFS",Survey (FNDDS),bell pepper,0.81,0.12,5.72,27.0
169395,"Peppers, serrano, raw",SR Legacy,bell pepper,1.74,0.44,6.7,134.0
2710094,"Peppers, sweet, pickled",Survey (FNDDS),bell pepper,0.67,0.12,9.6,43.0
2706776,"Sausage and peppers, no sauce",Survey (FNDDS),bell pepper,13.99,19.87,3.26,247.0
170931,"Spices, pepper, black",SR Legacy,bell pepper,10.4,3.26,64.0,1050.0
170933,"Spices, pepper, white",SR Legacy,bell pepper,10.4,2.12,68.6,1240.0
2710045,Stuffed jalapeno pepper,Survey (FNDDS),bell pepper,8.82,15.93,16.5,241.0
2709072,"Stuffed pepper, with meat",Survey (FNDDS),bell pepper,9.2,15.87,4.23,198.0
2710545,"Soft drink, pepper type",Survey (FNDDS),bell pepper,0.0,0.25,10.36,42.0
2448111,"3 PEPPER & ONION GREEN BELL PEPPERS, RED BELL PEPPERS, YELLOW BELL PEPPERS BLEND, 3 PEPPER & ONION",Branded,bell pepper,1.19,0.0,5.95,30.0
1662280,BABY BELL PEPPERS,Branded,bell pepper,1.18,0.0,7.06,47.0
475577,BELL PEPPER WITH HUMMUS,Branded,bell pepper,2.11,8.45,7.75,56.0
2671326,DEHYDRATED BELL PEPPERS,Branded,bell pepper,20.0,0.0,80.0,300.0
2174611,GREEN BELL PEPPERS,Branded,bell pepper,0.0,0.0,4.05,17.0
1664563,RAINBOW BELL PEPPERS,Branded,bell pepper,0.68,0.0,4.05,17.0
1619448,RAINBOW BELL PEPPERS,Branded,bell pepper,0.68,0.0,4.05,17.0
2078970,RAINBOW BELL PEPPERS,Branded,bell pepper,0.68,0.0,4.05,17.0
2680243,ROASTED BELL PEPPERS,Branded,bell pepper,1.33,0.0,6.67,33.0
1946122,SLICED BELL PEPPERS,Branded,bell pepper,0.88,0.0,6.17,26.0
577997,SWEET BELL PEPPERS,Branded,bell pepper,1.18,0.0,5.88,29.0
2113303,"BELL PEPPER SALSA BREAKFAST SEASONING, BELL PEPPER SALSA",Branded,bell pepper,0.0,0.0,0.0,0.0
2479780,"CHEESY EGGS WITH BELL PEPPERS & BACON, BELL PEPPERS & BACON",Branded,bell pepper,7.67,8.33,11.0,150.0
2652133,"MUSHROOM BELL PEPPER TOMATO SAUCE, MUSHROOM BELL PEPPER",Branded,bell pepper,0.88,2.21,5.31,40.0
2472562,"RED BELL PEPPER VEGGIE CHIPS, RED BELL PEPPER",Branded,bell pepper,10.7,14.3,39.3,321.0
1078253,"ROASTED BELL PEPPERS IN SUNFLOWER OIL, ROASTED BELL PEPPERS",Branded,bell pepper,0.0,3.12,6.25,62.0
2388810,"SPINACH & BELL PEPPER EGG BITES, SPINACH & BELL PEPPER",Branded,bell pepper,11.5,12.3,5.38,169.0
2632326,"SWEET BELL PEPPERS SANDWICH TOPPERS, SWEET BELL PEPPERS",Branded,bell pepper,0.0,0.0,14.3,54.0
2705785,Cheese dip with chili pepper,Survey (FNDDS),bell pepper,3.14,9.51,11.14,143.0
2710798,"Green pepper, cooked, as ingredient",Survey (FNDDS),bell pepper,0.77,0.12,5.14,25.0
174574,"Peppered loaf, pork, beef",SR Legacy,bell pepper,17.3,6.37,4.53,624.0
168577,"Peppers, chili, green, canned",SR Legacy,bell pepper,0.72,0.27,4.6,21.0
169766,"Peppers, hot pickled, canned",SR Legacy,bell pepper,0.8,0.4,4.56,90.0
2709800,"Peppers, sweet, green, raw",Survey (FNDDS),bell pepper,0.72,0.11,4.78,23.0
170427,"Peppers, sweet, green, raw",SR Legacy,bell pepper,0.86,0.17,4.64,20.0
170024,"Peppers, sweet, green, sauteed",SR Legacy,bell pepper,0.78,11.8,4.22,116.0
170108,"Peppers, sweet, red, raw",SR Legacy,bell pepper,0.99,0.3,6.03,111.0
2709801,"Peppers, sweet, red, raw",Survey (FNDDS),bell pepper,0.9,0.13,6.65,31.0
2438059,ONION,Branded,onion,10.9,0.78,59.4,289.0
2709795,"Onions, raw",Survey (FNDDS),onion,0.86,0.08,8.46,38.0
2707633,"Bread, onion",Survey (FNDDS),onion,8.81,2.95,44.32,238.0
170000,"Onions, raw",SR Legacy,onion,1.1,0.1,9.34,166.0
2709794,"Onions, green, raw",Survey (FNDDS),onion,1.83,0.19,7.34,32.0
2709953,"Onions, green, cooked",Survey (FNDDS),onion,2.09,3.21,8.37,63.0
2709952,"Onions, pearl, cooked",Survey (FNDDS),onion,0.7,2.59,6.49,50.0
2705621,"Onion dip, regular",Survey (FNDDS),onion,2.15,35.77,3.92,346.0
2705622,"Onion dip, light",Survey (FNDDS),onion,2.0,12.36,11.87,166.0
2707634,"Bread, onion, toasted",Survey (FNDDS),onion,9.68,3.24,48.7,262.0
169844,"DENNY'S, onion rings",SR Legacy,onion,5.29,22.2,41.0,1610.0
2710055,Fried onion rings,Survey (FNDDS),onion,4.19,19.82,39.94,352.0
2708245,Onion flavored rings,Survey (FNDDS),onion,7.7,22.6,65.1,499.0
2710796,"Onions, cooked, as ingredient",Survey (FNDDS),onion,1.29,0.12,10.99,47.0
170002,"Onions, dehydrated flakes",SR Legacy,onion,8.95,0.46,83.3,1460.0
2710252,"Onions, for use on a sandwich",Survey (FNDDS),onion,0.86,0.08,8.46,38.0
790577,"Onions, red, raw",Foundation,onion,0.94,0.1,9.93,186.0
170008,"Onions, sweet, raw",SR Legacy,onion,0.8,0.08,7.55,133.0
170007,"Onions, welsh, raw",SR Legacy,onion,1.9,0.4,6.5,34.0
1104962,"Onions, white, raw",Foundation,onion,0.89,0.13,7.68,148.0
790646,"Onions, yellow, raw",Foundation,onion,0.83,0.05,8.61,160.0
170004,"Onions, yellow, sauteed",SR Legacy,onion,0.95,10.8,7.86,123.0
2710108,"Soup, French onion",Survey (FNDDS),onion,5.45,4.47,11.84,108.0
171327,"Spices, onion powder",SR Legacy,onion,10.4,1.04,79.1,1430.0
2705445,"Onion dip, yogurt based",Survey (FNDDS),onion,6.82,12.91,4.06,160.0
2709951,"Onions, cooked, fat added",Survey (FNDDS),onion,1.26,3.11,10.64,73.0
2709950,"Onions, cooked, no added fat",Survey (FNDDS),onion,1.29,0.12,10.96,47.0
169840,"APPLEBEE'S, crunchy onion rings",SR Legacy,onion,4.58,19.6,40.2,356.0
170771,"BURGER KING, Onion Rings",SR Legacy,onion,3.86,25.2,43.6,1740.0
172812,"Crackers, matzo, egg and onion",SR Legacy,onion,10.0,3.9,77.1,391.0
171172,"Gravy, onion, dry, mix",SR Legacy,onion,9.0,3.0,67.6,1350.0
2706876,"Liver, beef or calves, and onions",Survey (FNDDS),onion,16.68,3.6,6.97,129.0
170003,"Onions, canned, solids and liquids",SR Legacy,onion,0.85,0.09,4.02,78.0
170410,"Onions, frozen, chopped, unprepared",SR Legacy,onion,0.79,0.1,6.82,29.0
170412,"Onions, frozen, whole, unprepared",SR Legacy,onion,0.89,0.06,8.45,35.0
170020,"Peas and onions, frozen, unprepared",SR Legacy,onion,3.98,0.32,13.5,70.0
171551,"Soup, onion, canned, condensed",SR Legacy,onion,3.06,1.42,6.68,192.0
171165,"Soup, onion, dry, mix",SR Legacy,onion,7.48,0.34,65.1,1230.0
2706765,Pork and onions with soy-based sauce,Survey (FNDDS),onion,11.06,9.14,5.43,149.0
2706875,"Livers, chicken, chopped, with eggs and onion",Survey (FNDDS),onion,12.89,17.69,2.87,226.0
170006,"Onions, young green, tops only",SR Legacy,onion,0.97,0.47,5.74,27.0
170019,"Peas and onions, canned, solids and liquids",SR Legacy,onion,3.28,0.38,8.57,51.0
2710011,"Peppers and onions, cooked, fat added",Survey (FNDDS),onion,1.04,2.66,8.14,59.0
2710010,"Peppers and onions, cooked, no added fat",Survey (FNDDS),onion,1.06,0.12,8.38,37.0
169027,"Restaurant, family style, onion rings",SR Legacy,onion,4.89,19.3,40.7,356.0
171552,"Soup, cream of onion, canned, condensed",SR Legacy,onion,2.2,4.2,10.4,368.0
170056,"Tomato products, canned, sauce, with onions",SR Legacy,onion,1.56,0.19,9.94,42.0
170705,"SUBWAY, sweet onion chicken teriyaki sub on white bread with lettuce, tomato and sweet onion sauce",SR Legacy,onion,10.9,2.37,22.5,649.0
2706754,"Beef steak with onions, Puerto Rican style",Survey (FNDDS),onion,20.92,24.12,3.89,321.0
169021,"CRACKER BARREL, onion rings, thick-cut",SR Legacy,onion,4.78,16.0,41.0,327.0
170697,"Fast foods, onion rings, breaded and fried",SR Legacy,onion,3.86,25.2,43.6,1720.0
170001,"Onions, cooked, boiled, drained, without salt",SR Legacy,onion,1.36,0.19,10.2,184.0
169397,"Pickles, chowchow, with cauliflower onion mustard, sweet",SR Legacy,onion,1.5,0.9,26.6,505.0
2709424,"Potato chips, sour cream and onion flavored",Survey (FNDDS),onion,6.51,31.06,55.92,487.0
167948,"Snacks, corn-based, extruded, onion-flavor",SR Legacy,onion,7.7,22.6,65.1,499.0
174568,"Soup, onion, dry, mix, prepared with water",SR Legacy,onion,0.32,0.01,2.77,52.0
170306,"Fast foods, submarine sandwich, sweet onion chicken teriyaki on white bread with lettuce, tomato and sweet onion sauce",SR Legacy,onion,10.9,2.37,22.5,649.0
170414,"Onion rings, breaded, par fried, frozen, unprepared",SR Legacy,onion,3.15,14.1,30.5,258.0
170101,"Onions, frozen, chopped, cooked, boiled, drained, with salt",SR Legacy,onion,0.77,0.1,6.0,26.0
170507,"Onions, frozen, whole, cooked, boiled, drained, with salt",SR Legacy,onion,0.71,0.05,6.11,108.0
170005,"Onions, spring or scallions (includes tops and bulb), raw",SR Legacy,onion,1.83,0.19,7.34,32.0
170514,"Peas and onions, frozen, cooked, boiled, drained, with salt",SR Legacy,onion,2.54,0.2,8.63,45.0
2709429,"Potato chips, ruffled, sour cream and onion flavored",Survey (FNDDS),onion,6.51,31.06,55.92,487.0
174788,"Snacks, FRITOLAY, SUNCHIPS, multigrain, French onion flavor",SR Legacy,onion,8.68,22.2,65.5,496.0
167963,"Snacks, potato chips, sour-cream-and-onion-flavor",SR Legacy,onion,8.1,33.9,51.5,531.0
2707277,"Egg omelet or scrambled egg, with potatoes and/or onions, fat added",Survey (FNDDS),onion,10.41,13.18,2.97,172.0
2707278,"Egg omelet or scrambled egg, with potatoes and/or onions, no added fat",Survey (FNDDS),onion,11.03,8.65,3.14,134.0
2707279,"Egg omelet or scrambled egg, with potatoes and/or onions, NS as to fat",Survey (FNDDS),onion,10.41,13.18,2.97,172.0
170411,"Onions, frozen, chopped, cooked, boiled, drained, without salt",SR Legacy,onion,0.77,0.1,6.59,118.0
170413,"Onions, frozen, whole, cooked, boiled, drained, without salt",SR Legacy,onion,0.71,0.05,6.7,118.0
170021,"Peas and onions, frozen, cooked, boiled, drained, without salt",SR Legacy,onion,2.54,0.2,8.63,188.0
174541,"Soup, cream of onion, canned, prepared with equal volume milk",SR Legacy,onion,2.74,3.78,7.4,314.0
2709719,"Tomatoes, raw",Survey (FNDDS),tomato,0.82,0.31,4.04,20.0
2709308,Guacamole with tomatoes,Survey (FNDDS),tomato,1.87,13.09,8.09,145.0
2709757,"Soup, tomato",Survey (FNDDS),tomato,0.65,0.41,3.64,19.0
170461,Tomato powder,SR Legacy,tomato,12.9,0.44,74.7,302.0
2709723,"Tomatoes, scalloped",Survey (FNDDS),tomato,2.7,4.97,14.1,110.0
170463,"Tomato products, canned, sauce, with tomato tidbits",SR Legacy,tomato,1.32,0.39,7.09,32.0
2709727,Sun-dried tomatoes,Survey (FNDDS),tomato,14.11,2.97,55.76,258.0
170051,"Tomatoes, red, ripe, canned, packed in tomato juice",SR Legacy,tomato,0.79,0.25,3.47,69.0
2709725,Fried green tomatoes,Survey (FNDDS),tomato,3.68,12.84,21.78,216.0
2709730,Tomato juice cocktail,Survey (FNDDS),tomato,0.93,0.31,3.87,22.0
2709010,"Rice, white, with tomatoes and/or tomato-based sauce, fat added",Survey (FNDDS),tomato,2.0,2.18,19.41,107.0
2709722,"Tomatoes, canned, cooked",Survey (FNDDS),tomato,0.82,3.04,3.23,43.0
2709721,"Tomatoes, fresh, cooked",Survey (FNDDS),tomato,1.08,3.42,4.71,50.0
2710198,Bacon and tomato dressing,Survey (FNDDS),tomato,1.8,35.0,2.0,326.0
2708991,"Beans and rice, with tomatoes",Survey (FNDDS),tomato,4.7,3.46,21.9,137.0
2706411,Pork with chili and tomatoes,Survey (FNDDS),tomato,11.64,3.99,2.68,95.0
2709758,"Soup, cream of tomato",Survey (FNDDS),tomato,1.21,4.68,6.39,70.0
2709759,"Soup, tomato, canned",Survey (FNDDS),tomato,0.63,0.33,7.65,34.0
2709555,Stewed potatoes with tomatoes,Survey (FNDDS),tomato,1.71,3.29,12.89,87.0
2709735,Tomato chili sauce,Survey (FNDDS),tomato,2.5,0.3,19.79,92.0
2709728,"Tomato juice, 100%",Survey (FNDDS),tomato,0.86,0.29,4.32,23.0
2709762,Tomato sandwich on wheat,Survey (FNDDS),tomato,9.44,6.99,24.67,199.0
2709761,Tomato sandwich on white,Survey (FNDDS),tomato,8.46,6.8,26.54,201.0
2709726,"Tomato, green, pickled",Survey (FNDDS),tomato,1.0,0.18,9.09,40.0
2710807,Tomatoes as ingredient in omelet,Survey (FNDDS),tomato,1.1,0.23,5.49,25.0
2710795,"Tomatoes, cooked, as ingredient",Survey (FNDDS),tomato,1.1,0.25,4.86,22.0
170501,"Tomatoes, crushed, canned",SR Legacy,tomato,1.64,0.28,7.29,32.0
2710255,"Tomatoes, for use on a sandwich",Survey (FNDDS),tomato,0.82,0.31,4.04,20.0
321360,"Tomatoes, grape, raw",Foundation,tomato,0.83,0.63,5.51,113.0
170456,"Tomatoes, green, raw",SR Legacy,tomato,1.2,0.2,5.1,95.0
170502,"Tomatoes, orange, raw",SR Legacy,tomato,1.16,0.19,3.18,16.0
168567,"Tomatoes, sun-dried",SR Legacy,tomato,14.1,2.97,55.8,258.0
170096,"Tomatoes, yellow, raw",SR Legacy,tomato,0.98,0.26,2.98,15.0
2709051,"Rice, brown, with tomatoes and/or tomato based sauce, fat added",Survey (FNDDS),tomato,2.13,2.41,18.77,105.0
2709050,"Rice, brown, with tomatoes and/or tomato based sauce, no added fat",Survey (FNDDS),tomato,2.16,0.76,19.08,92.0
2709049,"Rice, brown, with tomatoes and/or tomato based sauce, NS as to fat",Survey (FNDDS),tomato,2.13,2.41,18.77,105.0
2709009,"Rice, white, with tomatoes and/or tomato-based sauce, no added fat",Survey (FNDDS),tomato,2.04,0.27,19.79,91.0
2709008,"Rice, white, with tomatoes and/or tomato-based sauce, NS as to fat",Survey (FNDDS),tomato,2.0,2.18,19.41,107.0
2709756,"Tomato and cucumber salad made with tomato, cucumber, oil, and vinegar",Survey (FNDDS),tomato,0.52,10.18,6.35,122.0
2706370,Beef with tomato-based sauce,Survey (FNDDS),tomato,21.72,6.36,1.58,149.0
2706459,Fish with tomato-based sauce,Survey (FNDDS),tomato,16.28,0.69,1.59,80.0
2709057,"Rice, brown, with carrots and tomatoes and/or tomato-based sauce, fat added",Survey (FNDDS),tomato,2.2,2.51,20.02,111.0
2709056,"Rice, brown, with carrots and tomatoes and/or tomato-based sauce, no added fat",Survey (FNDDS),tomato,2.24,0.78,20.38,97.0
2709055,"Rice, brown, with carrots and tomatoes and/or tomato-based sauce, NS as to fat",Survey (FNDDS),tomato,2.2,2.51,20.02,111.0
2709016,"Rice, white, with carrots and tomatoes and/or tomato-based sauce, fat added",Survey (FNDDS),tomato,2.07,2.29,20.91,114.0
2709015,"Rice, white, with carrots and tomatoes and/or tomato-based sauce, no added fat",Survey (FNDDS),tomato,2.12,0.26,21.34,98.0
2709014,"Rice, white, with carrots and tomatoes and/or tomato-based sauce, NS as to fat",Survey (FNDDS),tomato,2.07,2.29,20.91,114.0
2707851,"Bread, zucchini",Survey (FNDDS),zucchini,5.05,13.14,42.64,306.0
2707844,"Muffin, zucchini",Survey (FNDDS),zucchini,5.05,13.14,42.64,306.0
2710104,"Zucchini, pickled",Survey (FNDDS),zucchini,1.0,0.28,7.44,35.0
2707897,"Cake or cupcake, zucchini",Survey (FNDDS),zucchini,2.52,17.52,51.08,371.0
168565,"Squash, zucchini, baby, raw",SR Legacy,zucchini,2.71,0.4,3.11,21.0
169291,"Squash, summer, zucchini, includes skin, raw",SR Legacy,zucchini,1.21,0.32,3.11,70.0
168471,"Squash, summer, zucchini, italian style, canned",SR Legacy,zucchini,1.03,0.11,6.85,29.0
168469,"Squash, summer, zucchini, includes skin, frozen, unprepared",SR Legacy,zucchini,1.16,0.13,3.58,17.0
170534,"Squash, summer, zucchini, includes skin, cooked, boiled, drained, with salt",SR Legacy,zucchini,1.14,0.36,2.69,15.0
169292,"Squash, summer, zucchini, includes skin, cooked, boiled, drained, without salt",SR Legacy,zucchini,1.14,0.36,2.69,15.0
170535,"Squash, summer, zucchini, includes skin, frozen, cooked, boiled, drained, with salt",SR Legacy,zucchini,1.15,0.13,2.97,61.0
168470,"Squash, summer, zucchini, includes skin, frozen, cooked, boiled, drained, without salt",SR Legacy,zucchini,1.15,0.13,3.56,17.0
2709808,"Summer squash, green, raw",Survey (FNDDS),zucchini,1.21,0.32,3.11,17.0
2710058,"Fried summer squash, yellow or green",Survey (FNDDS),zucchini,3.76,12.88,21.5,216.0
2709997,"Summer squash, yellow or green, fresh, cooked with oil",Survey (FNDDS),zucchini,1.26,3.75,3.98,51.0
2709999,"Summer squash, yellow or green, frozen, cooked with oil",Survey (FNDDS),zucchini,1.18,3.06,4.4,46.0
2709991,"Summer squash, yellow or green, fresh, cooked, no added fat",Survey (FNDDS),zucchini,1.3,0.35,4.1,21.0
2709992,"Summer squash, yellow or green, frozen, cooked, no added fat",Survey (FNDDS),zucchini,1.21,0.16,4.54,21.0
2709993,"Summer squash, yellow or green, NS as to form, cooked",Survey (FNDDS),zucchini,1.27,3.33,3.99,47.0
2709996,"Summer squash, yellow or green, canned, cooked, fat added, NS as to fat type",Survey (FNDDS),zucchini,0.6,2.6,2.86,35.0
2709994,"Summer squash, yellow or green, fresh, cooked, fat added, NS as to fat type",Survey (FNDDS),zucchini,1.27,3.33,3.99,47.0
2710000,"Summer squash, yellow or green, frozen, cooked with butter or margarine",Survey (FNDDS),zucchini,1.19,2.35,4.42,40.0
2709995,"Summer squash, yellow or green, frozen, cooked, fat added, NS as to fat type",Survey (FNDDS),zucchini,1.18,2.71,4.41,43.0
2709998,"Summer squash, yellow or green, fresh, cooked with butter or margarine",Survey (FNDDS),zucchini,1.28,2.91,3.99,44.0
2310033,MUSHROOM,Branded,mushroom,0.88,6.19,5.31,80.0
2065413,MUSHROOM,Branded,mushroom,1.54,0.0,1.54,15.0
2710053,Fried mushrooms,Survey (FNDDS),mushroom,4.63,12.91,21.9,222.0
2710084,"Mushrooms, pickled",Survey (FNDDS),mushroom,2.4,0.3,8.29,46.0
2709793,"Mushrooms, raw",Survey (FNDDS),mushroom,2.9,0.35,4.13,31.0
2710052,"Mushrooms, stuffed",Survey (FNDDS),mushroom,10.7,15.0,27.72,288.0
2710107,"Soup, cream of mushroom",Survey (FNDDS),mushroom,2.1,4.76,5.7,74.0
2706385,Beef with mushroom sauce,Survey (FNDDS),mushroom,21.97,7.54,1.83,163.0
171170,"Gravy, mushroom, canned",SR Legacy,mushroom,1.26,2.71,5.47,50.0
2709940,"Mushrooms, canned, cooked",Survey (FNDDS),mushroom,1.82,2.84,4.95,47.0
168422,"Mushrooms, Chanterelle, raw",SR Legacy,mushroom,1.49,0.53,6.86,32.0
2710797,"Mushrooms, cooked, as ingredient",Survey (FNDDS),mushroom,3.62,0.43,5.16,39.0
169382,"Mushrooms, enoki, raw",SR Legacy,mushroom,2.66,0.29,7.81,153.0
2710251,"Mushrooms, for use on a sandwich",Survey (FNDDS),mushroom,2.9,0.35,4.13,31.0
169403,"Mushrooms, maitake, raw",SR Legacy,mushroom,1.94,0.19,6.97,31.0
168423,"Mushrooms, morel, raw",SR Legacy,mushroom,3.12,0.57,5.1,129.0
168580,"Mushrooms, oyster, raw",SR Legacy,mushroom,3.31,0.41,6.09,139.0
169243,"Mushrooms, portabella, grilled",SR Legacy,mushroom,3.28,0.58,4.44,121.0
169255,"Mushrooms, portabella, raw",SR Legacy,mushroom,2.11,0.35,3.87,22.0
168436,"Mushrooms, shiitake, dried",SR Legacy,mushroom,9.58,0.99,75.4,296.0
169242,"Mushrooms, shiitake, raw",SR Legacy,mushroom,2.24,0.49,6.79,141.0
169402,"Mushrooms, white, microwaved",SR Legacy,mushroom,3.91,0.46,6.04,147.0
169251,"Mushrooms, white, raw",SR Legacy,mushroom,3.09,0.34,3.26,22.0
2706487,Beef and noodles with mushroom sauce,Survey (FNDDS),mushroom,7.54,5.14,14.96,136.0
2706495,Beef and rice with mushroom sauce,Survey (FNDDS),mushroom,6.25,5.18,15.53,135.0
2706432,Chicken or turkey with mushroom sauce,Survey (FNDDS),mushroom,19.29,5.7,1.84,136.0
2706576,Fish and noodles with mushroom sauce,Survey (FNDDS),mushroom,6.3,5.11,14.79,131.0
2706575,Fish and rice with mushroom sauce,Survey (FNDDS),mushroom,5.34,5.16,16.11,135.0
171171,"Gravy, mushroom, dry, powder",SR Legacy,mushroom,10.0,4.0,64.7,1370.0
2706506,Ham and rice with mushroom sauce,Survey (FNDDS),mushroom,5.37,5.19,16.28,136.0
2706403,Ham or pork with mushroom sauce,Survey (FNDDS),mushroom,20.55,7.98,1.84,167.0
169254,"Mushrooms, canned, drained solids",SR Legacy,mushroom,1.87,0.29,5.09,105.0
2709941,"Mushrooms, fresh, cooked with oil",Survey (FNDDS),mushroom,3.5,4.05,5.0,70.0
2709938,"Mushrooms, NS as to form, cooked",Survey (FNDDS),mushroom,3.52,3.6,5.0,66.0
170097,"Mushrooms, shiitake, cooked, with salt",SR Legacy,mushroom,1.56,0.22,14.4,56.0
168435,"Mushrooms, shiitake, stir-fried",SR Legacy,mushroom,3.45,0.35,7.68,162.0
169253,"Mushrooms, white, stir-fried",SR Legacy,mushroom,3.58,0.33,4.04,26.0
2706496,Porcupine balls with mushroom sauce,Survey (FNDDS),mushroom,10.34,7.76,10.71,157.0
2706511,Sausage and rice with mushroom sauce,Survey (FNDDS),mushroom,4.86,6.02,16.8,142.0
2706555,Shrimp and noodles with mushroom sauce,Survey (FNDDS),mushroom,6.31,5.24,15.05,133.0
172901,"CAMPBELL'S, Cream of Mushroom Soup, condensed",SR Legacy,mushroom,1.29,5.5,6.59,81.0
2706531,Chicken or turkey and noodles with mushroom sauce,Survey (FNDDS),mushroom,6.92,5.46,14.86,136.0
2706540,Chicken or turkey and rice with mushroom sauce,Survey (FNDDS),mushroom,5.67,5.48,15.43,135.0
2709943,"Mushroom, Asian, cooked, from dried",Survey (FNDDS),mushroom,2.4,0.2,8.15,44.0
168434,"Mushrooms, brown, italian, or crimini, raw",SR Legacy,mushroom,2.5,0.1,4.3,22.0
2709937,"Mushrooms, fresh, cooked, no added fat",Survey (FNDDS),mushroom,3.61,0.43,5.15,39.0
168437,"Mushrooms, shiitake, cooked, without salt",SR Legacy,mushroom,1.56,0.22,14.4,234.0
168582,"Mushrooms, straw, canned, drained solids",SR Legacy,mushroom,3.83,0.68,4.64,32.0
171175,"Soup, beef mushroom, canned, condensed",SR Legacy,mushroom,4.6,2.4,5.2,255.0
174522,"Soup, chicken mushroom, canned, condensed",SR Legacy,mushroom,1.61,4.84,12.0,100.0
171155,"Soup, cream of mushroom, canned, condensed",SR Legacy,mushroom,1.35,5.3,6.8,79.0
170055,"Tomato products, canned, sauce, with mushrooms",SR Legacy,mushroom,1.45,0.13,8.43,146.0
2706571,Tuna noodle casserole with mushroom sauce,Survey (FNDDS),mushroom,9.02,5.18,13.92,139.0
169376,"Mushroom, white, exposed to ultraviolet light, raw",SR Legacy,mushroom,3.09,0.34,3.26,93.0
169377,"Mushrooms, portabella, exposed to ultraviolet light, grilled",SR Legacy,mushroom,3.28,0.58,4.44,121.0
170143,"Mushrooms, portabella, exposed to ultraviolet light, raw",SR Legacy,mushroom,2.11,0.35,3.87,92.0
171156,"Soup, mushroom with beef stock, canned, condensed",SR Legacy,mushroom,2.51,3.21,7.41,285.0
2706858,"Tuna casserole with vegetables and mushroom sauce, no noodles",Survey (FNDDS),mushroom,9.04,5.12,8.39,115.0
2706718,Tuna noodle casserole with vegetables and mushroom sauce,Survey (FNDDS),mushroom,8.11,4.46,12.96,124.0
169252,"Mushrooms, white, cooked, boiled, drained, without salt",SR Legacy,mushroom,2.17,0.47,5.29,117.0
2710042,Fried cauliflower,Survey (FNDDS),cauliflower,4.02,12.86,21.9,218.0
2710074,"Cauliflower, pickled",Survey (FNDDS),cauliflower,1.59,0.25,8.98,41.0
169986,"Cauliflower, raw",SR Legacy,cauliflower,1.92,0.28,4.97,25.0
2709777,"Cauliflower, raw",Survey (FNDDS),cauliflower,1.92,0.28,4.97,25.0
170398,"Cauliflower, frozen, unprepared",SR Legacy,cauliflower,2.01,0.27,4.68,24.0
169389,"Cauliflower, green, raw",SR Legacy,cauliflower,2.95,0.3,6.09,31.0
2709902,"Cauliflower, fresh, cooked with oil",Survey (FNDDS),cauliflower,1.94,3.31,5.01,52.0
2709904,"Cauliflower, frozen, cooked with oil",Survey (FNDDS),cauliflower,1.56,3.12,3.63,45.0
169391,"Cauliflower, green, cooked, with salt",SR Legacy,cauliflower,3.04,0.31,6.28,136.0
2709899,"Cauliflower, NS as to form, cooked",Survey (FNDDS),cauliflower,1.94,2.93,5.02,49.0
2709897,"Cauliflower, fresh, cooked, no added fat",Survey (FNDDS),cauliflower,1.99,0.29,5.16,26.0
2709898,"Cauliflower, frozen, cooked, no added fat",Survey (FNDDS),cauliflower,1.6,0.22,3.74,19.0
169390,"Cauliflower, green, cooked, no salt added",SR Legacy,cauliflower,3.04,0.31,6.28,134.0
170397,"Cauliflower, cooked, boiled, drained, without salt",SR Legacy,cauliflower,1.84,0.45,4.11,96.0
168521,"Cauliflower, frozen, cooked, boiled, drained, with salt",SR Legacy,cauliflower,1.61,0.22,3.16,71.0
2709789,"Lettuce, raw",Survey (FNDDS),lettuce,0.92,0.1,3.69,20.0
2709790,"Lettuce, Boston, raw",Survey (FNDDS),lettuce,0.88,0.11,3.26,18.0
2709791,"Lettuce, arugula, raw",Survey (FNDDS),lettuce,2.58,0.66,3.65,25.0
2709590,"Romaine lettuce, raw",Survey (FNDDS),lettuce,0.98,0.07,4.06,21.0
2710250,"Lettuce, for use on a sandwich",Survey (FNDDS),lettuce,0.92,0.1,3.69,20.0
169247,"Lettuce, cos or romaine, raw",SR Legacy,lettuce,1.23,0.3,3.29,72.0
746769,"Lettuce, cos or romaine, raw",Foundation,lettuce,1.24,0.26,3.24,70.0
169249,"Lettuce, green leaf, raw",SR Legacy,lettuce,1.36,0.15,2.87,62.0
168431,"Lettuce, red leaf, raw",SR Legacy,lettuce,1.33,0.22,2.26,13.0
2709828,"Lettuce, wilted, with bacon dressing",Survey (FNDDS),lettuce,2.77,6.31,3.44,84.0
2706980,"Bacon, lettuce, tomato sandwich on wheat",Survey (FNDDS),lettuce,12.02,7.76,27.53,229.0
2706979,"Bacon, lettuce, tomato sandwich on white",Survey (FNDDS),lettuce,10.89,7.54,29.71,231.0
169248,"Lettuce, iceberg (includes crisphead types), raw",SR Legacy,lettuce,0.9,0.14,2.97,58.0
170763,"Fast foods, taco with beef, cheese and lettuce, soft",SR Legacy,lettuce,9.25,9.75,20.2,860.0
170764,"Fast foods, taco with chicken, lettuce and cheese, soft",SR Legacy,lettuce,13.3,6.35,19.7,189.0
168429,"Lettuce, butterhead (includes boston and bibb types), raw",SR Legacy,lettuce,1.35,0.22,2.23,55.0
170316,"SUBWAY, tuna sub on white bread with lettuce and tomato",SR Legacy,lettuce,12.3,12.0,16.0,221.0
2709822,"Lettuce, salad with assorted vegetables including tomatoes and/or carrots, no dressing",Survey (FNDDS),lettuce,1.07,0.2,4.58,24.0
2709823,"Lettuce, salad with assorted vegetables excluding tomatoes and carrots, no dressing",Survey (FNDDS),lettuce,1.19,0.19,4.09,23.0
170318,"Fast Foods, crispy chicken filet sandwich, with lettuce and mayonnaise",SR Legacy,lettuce,10.9,13.6,27.4,276.0
170689,"Fast foods, taco with beef, cheese and lettuce, hard shell",SR Legacy,lettuce,8.86,12.7,19.8,226.0
170312,"SUBWAY, B.L.T. sub on white bread with bacon, lettuce and tomato",SR Legacy,lettuce,10.1,6.41,26.7,856.0
170315,"SUBWAY, cold cut sub on white bread with lettuce and tomato",SR Legacy,lettuce,10.5,10.0,20.4,896.0
170713,"SUBWAY, roast beef sub on white bread with lettuce and tomato",SR Legacy,lettuce,12.2,2.73,20.3,155.0
170307,"SUBWAY, SUBWAY CLUB sub on white bread with lettuce and tomato",SR Legacy,lettuce,10.7,2.42,20.4,146.0
2709824,"Lettuce, salad with avocado, tomato, and/or carrots, with or without other vegetables, no dressing",Survey (FNDDS),lettuce,1.29,3.39,5.5,54.0
2709825,"Lettuce, salad with cheese, tomato and/or carrots, with or without other vegetables, no dressing",Survey (FNDDS),lettuce,4.94,6.08,4.2,91.0
2709826,"Lettuce, salad with egg, tomato, and/or carrots, with or without other vegetables, no dressing",Survey (FNDDS),lettuce,3.4,2.31,3.88,50.0
170785,"Fast foods, crispy chicken in tortilla, with lettuce, cheese, and ranch sauce",SR Legacy,lettuce,11.5,15.1,23.2,1150.0
170368,"Fast Foods, grilled chicken filet sandwich, with lettuce, tomato and spread",SR Legacy,lettuce,17.3,4.57,16.8,182.0
170786,"Fast foods, grilled chicken in tortilla, with lettuce, cheese, and ranch sauce",SR Legacy,lettuce,13.8,10.3,18.4,222.0
170313,"Fast foods, submarine sandwich, bacon, lettuce, and tomato on white bread",SR Legacy,lettuce,10.1,6.41,26.7,205.0
170707,"Fast foods, submarine sandwich, ham on white bread with lettuce and tomato",SR Legacy,lettuce,9.12,2.53,22.9,631.0
170299,"Fast foods, submarine sandwich, tuna on white bread with lettuce and tomato",SR Legacy,lettuce,12.3,12.0,16.0,218.0
170712,"SUBWAY, black forest ham sub on white bread with lettuce and tomato",SR Legacy,lettuce,9.12,2.53,22.9,631.0
170314,"SUBWAY, oven roasted chicken sub on white bread with lettuce and tomato",SR Legacy,lettuce,10.8,3.15,21.4,157.0
2709827,"Lettuce, salad with egg, cheese, tomato, and/or carrots, with or without other vegetables, no dressing",Survey (FNDDS),lettuce,4.24,4.36,3.7,71.0
170696,"Fast foods, submarine sandwich, cold cut on white bread with lettuce and tomato",SR Legacy,lettuce,10.5,10.0,20.4,213.0
170298,"Fast foods, submarine sandwich, roast beef on white bread with lettuce and tomato",SR Legacy,lettuce,12.2,2.73,20.3,652.0
2706846,"Seafood garden salad with seafood, lettuce, tomato and/or carrots, other vegetables, no dressing",Survey (FNDDS),lettuce,7.12,0.49,3.04,47.0
2706845,"Seafood garden salad with seafood, lettuce, vegetables excluding tomato and carrots, no dressing",Survey (FNDDS),lettuce,7.66,0.5,2.62,47.0
170310,"SUBWAY, steak & cheese sub on white bread with American cheese, lettuce and tomato",SR Legacy,lettuce,12.3,5.34,21.5,183.0
2706816,"Asian chicken or turkey garden salad, chicken and/or turkey, lettuce, fruit, nuts, no dressing",Survey (FNDDS),lettuce,11.44,5.46,9.5,130.0
2706818,"Chicken or turkey caesar garden salad, chicken and/or turkey, lettuce, tomato, cheese, no dressing",Survey (FNDDS),lettuce,8.52,1.94,2.99,63.0
170753,"Fast foods, crispy chicken, bacon, and tomato club sandwich, with cheese, lettuce, and mayonnaise",SR Legacy,lettuce,15.4,11.8,22.6,1080.0
170752,"Fast foods, grilled chicken, bacon and tomato club sandwich, with cheese, lettuce, and mayonnaise",SR Legacy,lettuce,17.2,8.05,19.9,220.0
170309,"Fast foods, submarine sandwich, oven roasted chicken on white bread with lettuce and tomato",SR Legacy,lettuce,10.8,3.15,21.4,657.0
170311,"Fast foods, submarine sandwich, steak and cheese on white bread with cheese, lettuce and tomato",SR Legacy,lettuce,12.3,5.34,21.5,766.0
2706848,"Seafood garden salad with seafood, lettuce, eggs, tomato and/or carrots, other vegetables, no dressing",Survey (FNDDS),lettuce,7.91,1.95,2.77,62.0
2706847,"Seafood garden salad with seafood, lettuce, eggs, vegetables excluding tomato and carrots, no dressing",Survey (FNDDS),lettuce,8.41,2.05,2.39,64.0
2706841,"Shrimp garden salad, shrimp, lettuce, eggs, tomato and/or carrots, other vegetables, no dressing",Survey (FNDDS),lettuce,8.28,2.04,2.77,65.0
2706842,"Shrimp garden salad, shrimp, lettuce, eggs, vegetables excluding tomato and carrots, no dressing",Survey (FNDDS),lettuce,8.8,2.14,2.39,67.0
170308,"Fast foods, submarine sandwich, turkey, roast beef and ham on white bread with lettuce and tomato",SR Legacy,lettuce,10.7,2.42,20.4,146.0
2706819,"Chicken or turkey, breaded, fried, caesar garden salad, chicken and/or turkey, lettuce, tomatoes, cheese, no dressing",Survey (FNDDS),lettuce,6.31,6.85,7.08,115.0
2706817,"Asian chicken or turkey garden salad with crispy noodles, chicken and/or turkey, lettuce, fruit, nuts, crispy noodles, no dressing",Survey (FNDDS),lettuce,10.24,5.26,8.11,116.0
2706814,"Chicken or turkey garden salad with cheese, chicken and/or turkey, cheese, lettuce and/or greens, tomato and/or carrots, other vegetables, no dressing",Survey (FNDDS),lettuce,10.26,4.52,3.02,93.0
2709829,"Seven-layer salad, lettuce salad made with a combination of onion, celery, green pepper, peas, mayonnaise, cheese, eggs, and/or bacon",Survey (FNDDS),lettuce,4.7,20.71,5.79,229.0
2706812,"Chicken or turkey garden salad with bacon and cheese, chicken and/or turkey, bacon, cheese, lettuce and/or greens, tomato and/or carrots, other vegetables, no dressing",Survey (FNDDS),lettuce,10.95,5.61,3.0,106.0
2706815,"Chicken or turkey, breaded, fried, garden salad with cheese, chicken and/or turkey, cheese, lettuce and/or greens, tomato and/or carrots, other vegetables, no dressing",Survey (FNDDS),lettuce,6.5,7.9,6.47,123.0
2706813,"Chicken or turkey, breaded, fried, garden salad with bacon and cheese, chicken and/or turkey, bacon, cheese, lettuce and/or greens, tomato and/or carrots, other vegetables, no dressing",Survey (FNDDS),lettuce,6.78,7.72,6.36,122.0
2709821,Cucumber salad made with cucumber and vinegar,Survey (FNDDS),cucumber,0.5,0.13,6.79,34.0
2709784,"Cucumber, raw",Survey (FNDDS),cucumber,0.62,0.18,2.95,16.0
2709818,Cucumber and vegetable namasu,Survey (FNDDS),cucumber,0.47,0.18,12.22,56.0
2710249,"Cucumber, for use on a sandwich",Survey (FNDDS),cucumber,0.62,0.18,2.95,16.0
169225,"Cucumber, peeled, raw",SR Legacy,cucumber,0.59,0.16,2.16,10.0
168409,"Cucumber, with peel, raw",SR Legacy,cucumber,0.65,0.11,3.63,65.0
169379,"Pickles, cucumber, sour",SR Legacy,cucumber,0.33,0.2,2.26,44.0
2709820,"Cucumber salad, made with Italian dressing",Survey (FNDDS),cucumber,0.46,9.96,6.19,120.0
324653,"Pickles, cucumber, dill or kosher dill",Foundation,cucumber,0.48,0.43,1.99,12.0
168558,"Pickles, cucumber, dill or kosher dill",SR Legacy,cucumber,0.5,0.3,2.41,12.0
168563,"Pickles, cucumber, dill, reduced sodium",SR Legacy,cucumber,0.5,0.3,2.41,12.0
168562,"Pickles, cucumber, sour, low sodium",SR Legacy,cucumber,0.33,0.2,2.26,44.0
167618,"Sea cucumber, yane (Alaska Native)",SR Legacy,cucumber,13.0,0.4,0.0,233.0
2709819,"Cucumber salad, made with sour cream dressing",Survey (FNDDS),cucumber,1.3,5.18,3.7,66.0
169378,"Pickles, cucumber, sweet (includes bread and butter pickles)",SR Legacy,cucumber,0.58,0.41,21.2,91.0
169380,"Pickles, cucumber, sweet, low sodium (includes bread and butter pickles)",SR Legacy,cucumber,0.37,0.26,33.7,122.0
2453490,"CUCUMBER HUMMUS, CUCUMBER",Branded,cucumber,7.14,10.7,14.3,179.0
2212425,"CUCUMBER LEMONADE, CUCUMBER",Branded,cucumber,0.0,0.0,9.72,39.0
1995041,"CUCUMBER LIMEADE, CUCUMBER",Branded,cucumber,0.0,0.0,10.2,42.0
2015931,"CUCUMBER SALAD, CUCUMBER",Branded,cucumber,1.0,0.0,5.0,19.0
2392097,"CUCUMBER SODA, CUCUMBER",Branded,cucumber,0.0,0.0,0.85,4.0
2445971,"CUCUMBER SODA, CUCUMBER",Branded,cucumber,0.0,0.0,0.85,4.0
2390486,"CUCUMBERS IN BRINE, CUCUMBERS",Branded,cucumber,0.0,0.0,0.0,11.0
2083884,"SODA, CUCUMBER, CUCUMBER",Branded,cucumber,0.0,0.0,3.1,13.0
1888410,"(PICKLED CUCUMBER) PICKLED CUCUMBER, (PICKLED CUCUMBER)",Branded,cucumber,0.0,0.0,3.57,18.0
2626297,CUCUMBERS,Branded,cucumber,0.84,0.0,3.8,15.0
2609624,CUCUMBERS,Branded,cucumber,1.01,0.0,2.02,10.0
2631387,"CUCUMBER BENEDICTINE SPREAD, CUCUMBER",Branded,cucumber,3.57,35.7,3.57,393.0
2195105,"CUCUMBER INFUSED VINEGAR, CUCUMBER",Branded,cucumber,0.0,0.0,13.3,67.0
2164878,"CUCUMBER INFUSED WATER, CUCUMBER",Branded,cucumber,0.0,0.0,0.21,1.0
2396322,"CUCUMBER INFUSED WATER, CUCUMBER",Branded,cucumber,0.21,0.0,0.63,3.0
2631053,"CUCUMBER REGULAR ROLL, CUCUMBER",Branded,cucumber,2.52,0.63,25.8,119.0
686848,"CUCUMBER SPARKLING WATER, CUCUMBER",Branded,cucumber,0.0,0.0,0.0,0.0
1735779,"CUCUMBER TONIC WATER, CUCUMBER",Branded,cucumber,0.0,0.0,5.0,20.0
1042361,"CUCUMBER TONIC WATER, CUCUMBER",Branded,cucumber,0.0,0.0,5.0,20.0
2172138,"CUCUMBER TONIC WATER, CUCUMBER",Branded,cucumber,0.0,0.0,5.0,20.0
2283757,"CUCUMBER & MINT LEMONADE, CUCUMBER & MINT",Branded,cucumber,0.0,0.0,8.4,33.0
2396107,"CUCUMBER CAFFEINATED SPARKLING WATER, CUCUMBER",Branded,cucumber,0.0,0.0,0.0,0.0
1132882,"CUCUMBER COLLAGEN INFUSED WATER, CUCUMBER",Branded,cucumber,2.0,0.0,0.6,10.0
2553869,"CUCUMBER DILL DRESSING, CUCUMBER DILL",Branded,cucumber,0.0,53.3,3.33,500.0
2607176,"CUCUMBER DILL MAYO, CUCUMBER; DILL",Branded,cucumber,0.0,71.4,0.0,643.0
2674450,"CUCUMBER GARLIC DILL TZATZIKI, CUCUMBER",Branded,cucumber,7.14,5.36,10.7,125.0
2642076,"CUCUMBER GARLIC TZATZIKI, CUCUMBER GARLIC",Branded,cucumber,7.14,5.36,10.7,125.0
2623487,"CUCUMBER KOREAN KIM CHEE, CUCUMBER",Branded,cucumber,0.0,0.0,3.57,18.0
2593748,"CUCUMBER MELON KOMBUCHA, CUCUMBER MELON",Branded,cucumber,0.28,0.0,3.1,20.0
2619768,"CUCUMBER MELON SELTZER, CUCUMBER MELON",Branded,cucumber,0.0,0.0,0.0,0.0
2607405,"CUCUMBER MINT MIXERS, CUCUMBER; MINT",Branded,cucumber,0.0,0.0,0.85,0.0
1592687,"CUCUMBER RANCH DRESSING, CUCUMBER RANCH",Branded,cucumber,0.0,36.7,10.0,367.0
1936710,"CUCUMBER RANCH DRESSING, CUCUMBER RANCH",Branded,cucumber,3.33,26.7,6.67,267.0
2456215,"CUCUMBER SALAD PICKLES, CUCUMBER SALAD",Branded,cucumber,3.85,0.0,19.2,96.0
1825999,"CUCUMBER TOMATO SALAD, CUCUMBER TOMATO",Branded,cucumber,1.77,7.08,4.42,80.0
2578111,"CUCUMBER WITH CITRUS GREEN TEA, CUCUMBER",Branded,cucumber,0.0,0.0,6.76,25.0
2049614,"KNIPPA CUCUMBER LIMEADE, KNIPPA CUCUMBER",Branded,cucumber,0.0,0.0,9.7,38.0
2085421,"TZATZIKI CUCUMBER DRESSING, TZATZIKI CUCUMBER",Branded,cucumber,0.0,36.7,10.0,367.0
1880374,"VERDAY, CHLOROPHYLL WATER, CUCUMBER, CUCUMBER",Branded,cucumber,0.0,0.0,0.21,0.0
2389119,"ORGANIC CUCUMBER GLOW CUCUMBER & LEMON JUICE BLEND, CUCUMBER & LEMON",Branded,cucumber,0.42,0.0,1.67,8.0
2626298,FRESH CUCUMBERS,Branded,cucumber,0.84,0.0,3.8,15.0
2080047,"BEVERAGE, CUCUMBER",Branded,cucumber,0.0,0.0,3.1,13.0
2603108,BRINE CUCUMBERS,Branded,cucumber,0.0,0.0,0.0,0.0
2025956,CREAMY CUCUMBER,Branded,cucumber,0.0,53.3,6.67,500.0
2068732,CUCUMBER & AVOCADO,Branded,cucumber,2.2,2.2,23.4,128.0
1853477,CUCUMBER CHIPS,Branded,cucumber,0.0,0.0,28.6,125.0
2455996,CUCUMBER CHIPS,Branded,cucumber,0.0,0.0,32.1,125.0
2026084,CUCUMBER CHIPS,Branded,cucumber,0.0,0.0,3.57,0.0
1853476,CUCUMBER CHIPS,Branded,cucumber,0.0,0.0,28.6,125.0
1924463,CUCUMBER DIP,Branded,cucumber,3.33,5.0,6.67,83.0
2456070,CUCUMBER PICKLES,Branded,cucumber,0.0,0.0,3.57,18.0
2442061,CUCUMBER PICKLES,Branded,cucumber,0.0,0.0,4.35,22.0
1900314,CUCUMBER PICKLES,Branded,cucumber,0.0,0.0,1.67,33.0
1913873,CUCUMBER ROLL,Branded,cucumber,4.31,5.17,5.17,78.0
2020220,CUCUMBER SALAD,Branded,cucumber,0.0,0.0,12.9,53.0
2622706,CUCUMBER SALAD,Branded,cucumber,1.0,0.0,5.0,19.0
2390911,ASPARAGUS,Branded,asparagus,2.35,0.0,3.53,18.0
2497753,ASPARAGUS,Branded,asparagus,2.15,0.0,4.3,22.0
2609616,ASPARAGUS,Branded,asparagus,2.35,0.0,3.53,18.0
2035101,ASPARAGUS,Branded,asparagus,1.18,0.0,4.71,29.0
2475712,ASPARAGUS,Branded,asparagus,2.35,0.0,3.53,18.0
2152618,ASPARAGUS,Branded,asparagus,2.35,0.0,3.53,18.0
2609691,ASPARAGUS,Branded,asparagus,2.22,0.0,3.33,17.0
2278029,ASPARAGUS,Branded,asparagus,2.35,0.0,3.53,18.0
2448187,ASPARAGUS,Branded,asparagus,2.16,0.0,3.24,19.0
2059288,ASPARAGUS,Branded,asparagus,2.35,3.53,3.53,53.0
2072784,ASPARAGUS,Branded,asparagus,3.33,16.7,10.0,167.0
2119648,ASPARAGUS,Branded,asparagus,2.0,0.0,2.0,15.0
1611655,ASPARAGUS,Branded,asparagus,2.35,0.0,3.53,18.0
1663186,ASPARAGUS,Branded,asparagus,2.35,0.0,3.53,18.0
168389,"Asparagus, raw",SR Legacy,asparagus,2.2,0.12,3.88,85.0
2709767,"Asparagus, raw",Survey (FNDDS),asparagus,2.2,0.12,3.88,20.0
169208,"Asparagus, frozen, unprepared",SR Legacy,asparagus,3.23,0.23,4.1,24.0
169207,"Asparagus, canned, drained solids",SR Legacy,asparagus,2.14,0.65,2.46,81.0
2709841,"Asparagus, fresh, cooked with oil",Survey (FNDDS),asparagus,2.29,3.25,4.04,49.0
2709843,"Asparagus, frozen, cooked with oil",Survey (FNDDS),asparagus,2.86,3.31,1.86,44.0
2709837,"Asparagus, NS as to form, cooked",Survey (FNDDS),asparagus,2.3,2.86,4.04,45.0
2709836,"Asparagus, canned, cooked, no added fat",Survey (FNDDS),asparagus,2.14,0.65,2.46,19.0
2709834,"Asparagus, fresh, cooked, no added fat",Survey (FNDDS),asparagus,2.36,0.13,4.16,21.0
2709835,"Asparagus, frozen, cooked, no added fat",Survey (FNDDS),asparagus,2.94,0.42,1.91,18.0
171537,"Soup, cream of asparagus, canned, condensed",SR Legacy,asparagus,1.82,3.26,8.52,289.0
169314,"Asparagus, canned, no salt added, solids and liquids",SR Legacy,asparagus,1.8,0.18,2.48,62.0
169206,"Asparagus, canned, regular pack, solids and liquids",SR Legacy,asparagus,1.8,0.18,2.48,62.0
169209,"Asparagus, frozen, cooked, boiled, drained, without salt",SR Legacy,asparagus,2.95,0.42,1.92,18.0
2709840,"Asparagus, canned, cooked, fat added, NS as to fat type",Survey (FNDDS),asparagus,2.09,3.18,2.39,41.0
2709838,"Asparagus, fresh, cooked, fat added, NS as to fat type",Survey (FNDDS),asparagus,2.3,2.86,4.04,45.0
2709839,"Asparagus, frozen, cooked, fat added, NS as to fat type",Survey (FNDDS),asparagus,2.86,2.95,1.86,40.0
172891,"Soup, cream of asparagus, canned, prepared with equal volume milk",SR Legacy,asparagus,2.55,3.3,6.61,272.0
174549,"Soup, cream of asparagus, canned, prepared with equal volume water",SR Legacy,asparagus,0.94,1.68,4.38,146.0
2548008,"ASPARAGUS MEDLEY, ASPARAGUS",Branded,asparagus,2.35,0.0,5.88,24.0
2167337,"ASPARAGUS PICKLED, ASPARAGUS",Branded,asparagus,0.0,0.0,5.0,30.0
2509111,"ASPARAGUS POTATO BLEND, ASPARAGUS",Branded,asparagus,2.35,0.0,11.8,53.0
2158186,"ASPARAGUS STIR FRY, ASPARAGUS",Branded,asparagus,1.04,0.0,5.21,31.0
2620421,"SPECIALTY, ASPARAGUS RISOTTO, ASPARAGUS",Branded,asparagus,2.86,2.86,19.3,121.0
2161720,"ASPARAGUS RISOTTO CREAMY CHEESE RISOTTO WITH ASPARAGUS, ASPARAGUS RISOTTO",Branded,asparagus,2.86,3.21,17.1,107.0
2165541,"ASPARAGUS ROTINI WITH ASPARAGUS, ROASTED PEPPERS, AND VEGAN MOZZARELLA, ASPARAGUS",Branded,asparagus,2.65,1.33,15.0,80.0
2111535,"CREAM OF ASPARAGUS SOUP WITH WHITE ASPARAGUS PIECES, CREAM OF ASPARAGUS",Branded,asparagus,7.69,15.4,57.7,419.0
2444581,"ASPARAGUS CUT SPEARS IN BRINE, ASPARAGUS",Branded,asparagus,1.67,0.0,2.5,15.0
2605199,"ASPARAGUS & GRUYERE RAVIOLI, ASPARAGUS & GRUYERE",Branded,asparagus,12.0,9.0,29.0,240.0
1964796,"ASPARAGUS & MOZZARELLA RAVIOLI, ASPARAGUS & MOZZARELLA",Branded,asparagus,8.0,11.0,32.0,250.0
2467368,"ASPARAGUS GRUYERE RAVIOLI, ASPARAGUS GRUYERE",Branded,asparagus,11.4,6.67,29.5,229.0
2634820,"ASPARAGUS GRUYERE RAVIOLI, ASPARAGUS GRUYERE",Branded,asparagus,12.6,8.42,33.7,263.0
1974788,"ASPARAGUS RISOTTO RIBE RICE ENRICHED WITH A CREAMY ASPARAGUS, GARLIC SAUCE, AND PIECES OF ASPARAGUS., ASPARAGUS",Branded,asparagus,2.86,2.86,19.3,121.0
1545847,FRESH ASPARAGUS,Branded,asparagus,4.3,0.0,4.3,27.0
2636482,ASPARAGUS SPEARS,Branded,asparagus,2.35,0.0,3.53,18.0
2060767,ASPARAGUS SPEARS,Branded,asparagus,2.67,0.0,4.0,27.0
2674129,ASPARAGUS SPEARS,Branded,asparagus,2.53,0.0,3.8,25.0
2428203,ASPARAGUS SPEARS,Branded,asparagus,2.13,0.0,3.83,19.0
2068477,ASPARAGUS SPEARS,Branded,asparagus,2.35,0.0,3.53,18.0
2299745,ASPARAGUS SPEARS,Branded,asparagus,2.35,0.0,3.53,18.0
2321729,ASPARAGUS SPEARS,Branded,asparagus,2.35,0.0,3.53,18.0
2020924,ASPARAGUS SPEARS,Branded,asparagus,3.53,0.0,3.53,24.0
2425144,ASPARAGUS SPEARS,Branded,asparagus,3.53,0.0,3.53,24.0
2435911,FRESH ASPARAGUS,Branded,asparagus,2.15,0.0,5.38,22.0
1888245,TRIMMED ASPARAGUS,Branded,asparagus,2.15,0.0,4.3,22.0
2418348,ASPARAGUS SPEARS,Branded,asparagus,2.35,0.0,3.53,18.0
2656613,ASPARAGUS SPEARS,Branded,asparagus,3.53,0.0,4.71,24.0
2621319,ASPARAGUS SPEARS,Branded,asparagus,2.41,0.0,3.61,24.0
2399453,ASPARAGUS SPEARS,Branded,asparagus,3.53,0.0,3.53,29.0
2509177,ASPARAGUS SPEARS,Branded,asparagus,1.77,0.0,3.54,18.0
2619694,"ORGANIC, ASPARAGUS",Branded,asparagus,2.35,0.0,3.53,18.0
2094213,ASPARAGUS SAUTE,Branded,asparagus,2.35,0.0,4.71,24.0
2058991,GREEN BEANS,Branded,green beans,2.35,0.0,7.06,29.0
2009385,GREEN BEANS,Branded,green beans,0.83,0.0,3.33,17.0
2625695,GREEN BEANS,Branded,green beans,2.35,0.0,7.06,35.0
2388875,GREEN BEANS,Branded,green beans,1.23,0.0,8.64,37.0
2089412,GREEN BEANS,Branded,green beans,1.0,0.0,6.0,20.0
2426624,GREEN BEANS,Branded,green beans,0.83,0.0,3.33,17.0
2428867,GREEN BEANS,Branded,green beans,2.35,0.0,7.06,35.0
2100236,GREEN BEANS,Branded,green beans,0.83,0.0,3.33,17.0
2164317,GREEN BEANS,Branded,green beans,7.14,3.12,28.6,170.0
2377747,GREEN BEANS,Branded,green beans,2.35,0.0,7.06,29.0
1917746,GREEN BEANS,Branded,green beans,1.23,0.0,6.17,37.0
2572952,GREEN BEANS,Branded,green beans,2.35,0.0,7.06,29.0
2327442,GREEN BEANS,Branded,green beans,2.35,0.0,7.06,29.0
2505658,GREEN BEANS,Branded,green beans,2.35,0.0,7.06,35.0
2115217,GREEN BEANS,Branded,green beans,7.14,16.1,71.4,464.0
2115925,GREEN BEANS,Branded,green beans,0.83,0.0,3.33,21.0
2398198,GREEN BEANS,Branded,green beans,2.35,0.0,7.06,41.0
2481007,GREEN BEANS,Branded,green beans,2.0,0.0,7.0,30.0
2424178,GREEN BEANS,Branded,green beans,2.35,0.0,7.06,29.0
2288333,GREEN BEANS,Branded,green beans,0.85,0.85,5.93,34.0
2286355,GREEN BEANS,Branded,green beans,2.35,0.0,7.06,29.0
2286667,GREEN BEANS,Branded,green beans,0.83,0.0,3.31,17.0
2080435,GREEN BEANS,Branded,green beans,0.83,0.0,3.33,17.0
2099412,GREEN BEANS,Branded,green beans,0.83,0.0,3.33,17.0
2099609,GREEN BEANS,Branded,green beans,0.0,0.0,3.33,17.0
2453576,GREEN BEANS,Branded,green beans,2.35,0.0,7.06,29.0
2418072,GREEN BEANS,Branded,green beans,2.35,0.0,7.06,35.0
2272634,GREEN BEANS,Branded,green beans,1.82,1.36,7.27,45.0
2481968,GREEN BEANS,Branded,green beans,2.35,0.0,7.06,29.0
2552055,GREEN BEANS,Branded,green beans,2.35,0.0,7.06,35.0
2407248,GREEN BEANS,Branded,green beans,2.35,0.0,7.06,29.0
2620051,GREEN BEANS,Branded,green beans,2.35,0.0,7.06,29.0
2404675,GREEN BEANS,Branded,green beans,2.35,0.0,7.06,29.0
2376942,GREEN BEANS,Branded,green beans,0.83,0.0,2.5,12.0
2638999,GREEN BEANS,Branded,green beans,2.35,0.0,7.06,29.0
2467943,GREEN BEANS,Branded,green beans,2.35,0.0,7.06,29.0
2574007,GREEN BEANS,Branded,green beans,2.35,0.0,7.06,35.0
737004,GREEN BEANS,Branded,green beans,2.13,0.0,7.45,43.0
2089517,GREEN BEANS,Branded,green beans,2.35,0.0,7.06,29.0
2550237,GREEN BEANS,Branded,green beans,2.35,0.0,7.06,29.0
1928823,GREEN BEANS,Branded,green beans,1.22,2.44,7.32,61.0
2098858,GREEN BEANS,Branded,green beans,2.35,0.0,7.06,29.0
2433657,GREEN BEANS,Branded,green beans,0.83,0.0,2.5,12.0
2620050,GREEN BEANS,Branded,green beans,2.35,0.0,7.06,29.0
2061158,GREEN BEANS,Branded,green beans,2.35,0.0,7.06,29.0
1862178,GREEN BEANS,Branded,green beans,0.83,0.0,3.33,17.0
2548639,GREEN BEANS,Branded,green beans,2.35,3.53,3.53,47.0
1893161,GREEN BEANS,Branded,green beans,0.83,0.0,3.33,17.0
1922917,GREEN BEANS,Branded,green beans,3.57,21.4,60.7,450.0
2071485,GREEN BEANS,Branded,green beans,2.35,0.0,7.06,29.0
2710040,Green bean casserole,Survey (FNDDS),green beans,1.96,2.21,7.05,56.0
2709769,"Green beans, raw",Survey (FNDDS),green beans,1.97,0.28,7.41,40.0
2709869,Fried green beans,Survey (FNDDS),green beans,4.04,12.86,22.86,223.0
2710070,"Green beans, pickled",Survey (FNDDS),green beans,1.63,0.25,11.0,54.0
2710009,"Bean salad, yellow and/or green string beans",Survey (FNDDS),green beans,3.52,5.0,13.0,109.0
169965,"Beans, snap, green, microwaved",SR Legacy,green beans,2.31,0.5,6.41,33.0
169961,"Beans, snap, green, raw",SR Legacy,green beans,1.83,0.22,6.97,131.0
169049,"Babyfood, green beans and turkey, strained",SR Legacy,green beans,4.1,1.5,5.35,215.0
172273,"Babyfood, green beans, dices, toddler",SR Legacy,green beans,1.2,0.2,5.7,123.0
173504,"Babyfood, vegetable, green beans and potatoes",SR Legacy,green beans,2.2,1.9,9.0,62.0
172272,"Babyfood, vegetables, green beans, junior",SR Legacy,green beans,1.2,0.1,5.8,24.0
172271,"Babyfood, vegetables, green beans, strained",SR Legacy,green beans,1.2,0.17,6.29,112.0
2707442,Soy sauce,Survey (FNDDS),soy sauce,8.14,0.57,4.93,53.0
2288941,SOY SAUCE,Branded,soy sauce,13.3,0.0,6.67,67.0
1883847,SOY SAUCE,Branded,soy sauce,10.0,0.0,0.0,50.0
2084051,SOY SAUCE,Branded,soy sauce,6.67,0.0,6.67,100.0
2272816,SOY SAUCE,Branded,soy sauce,6.67,0.0,20.0,100.0
2067043,SOY SAUCE,Branded,soy sauce,0.0,0.0,0.0,67.0
2069130,SOY SAUCE,Branded,soy sauce,0.0,0.0,6.67,0.0
1883822,SOY SAUCE,Branded,soy sauce,0.0,0.0,0.0,67.0
1941682,SOY SAUCE,Branded,soy sauce,0.0,0.0,20.0,67.0
2106980,SOY SAUCE,Branded,soy sauce,6.67,0.0,6.67,67.0
2065201,SOY SAUCE,Branded,soy sauce,6.67,0.0,13.3,100.0
2117409,SOY SAUCE,Branded,soy sauce,0.0,0.0,20.0,67.0
2181686,SOY SAUCE,Branded,soy sauce,6.67,0.0,20.0,67.0
1908711,SOY SAUCE,Branded,soy sauce,0.0,0.0,26.7,133.0
1910328,SOY SAUCE,Branded,soy sauce,0.0,0.0,6.67,0.0
2080460,SOY SAUCE,Branded,soy sauce,0.0,0.0,0.0,67.0
2099223,SOY SAUCE,Branded,soy sauce,0.0,0.0,13.3,67.0
1916035,SOY SAUCE,Branded,soy sauce,13.3,0.0,6.67,67.0
2084285,SOY SAUCE,Branded,soy sauce,6.67,0.0,20.0,100.0
1901023,SOY SAUCE,Branded,soy sauce,0.0,0.0,20.0,0.0
2065235,SOY SAUCE,Branded,soy sauce,6.67,0.0,6.67,67.0
2069132,SOY SAUCE,Branded,soy sauce,0.0,0.0,6.67,0.0
2100681,SOY SAUCE,Branded,soy sauce,13.3,0.0,6.67,67.0
2084616,SOY SAUCE,Branded,soy sauce,0.0,0.0,13.3,67.0
2086380,SOY SAUCE,Branded,soy sauce,13.3,0.0,6.67,67.0
1973204,SOY SAUCE,Branded,soy sauce,13.3,0.0,6.67,67.0
2116946,SOY SAUCE,Branded,soy sauce,6.67,0.0,13.3,67.0
2098892,SOY SAUCE,Branded,soy sauce,0.0,0.0,13.3,67.0
2435217,SOY SAUCE,Branded,soy sauce,6.67,0.0,6.67,100.0
2082051,SOY SAUCE,Branded,soy sauce,0.0,0.0,13.3,67.0
2141988,SOY SAUCE,Branded,soy sauce,0.0,0.0,13.3,67.0
2084593,SOY SAUCE,Branded,soy sauce,6.67,0.0,13.3,100.0
2084594,SOY SAUCE,Branded,soy sauce,6.67,0.0,13.3,100.0
174278,Soy sauce made from soy (tamari),SR Legacy,soy sauce,10.5,0.1,5.57,251.0
174277,Soy sauce made from soy and wheat (shoyu),SR Legacy,soy sauce,8.14,0.57,4.93,53.0
2707148,"Gravy, made with soy sauce",Survey (FNDDS),soy sauce,0.82,0.29,9.82,46.0
2706386,Beef with soy-based sauce,Survey (FNDDS),soy sauce,15.86,12.38,3.35,187.0
2707443,"Soy sauce, reduced sodium",Survey (FNDDS),soy sauce,9.05,0.3,5.59,57.0
172473,"Soy sauce made from soy and wheat (shoyu), low sodium",SR Legacy,soy sauce,9.05,0.3,5.59,57.0
2706488,Beef and noodles with soy-based sauce,Survey (FNDDS),soy sauce,13.19,10.05,7.54,173.0
2706497,Beef and rice with soy-based sauce,Survey (FNDDS),soy sauce,13.58,10.26,7.96,178.0
2706762,Pork and watercress with soy-based sauce,Survey (FNDDS),soy sauce,14.88,12.68,3.35,190.0
2706408,Pork or ham with soy-based sauce,Survey (FNDDS),soy sauce,14.88,12.68,3.35,190.0
2706557,Shrimp and noodles with soy-based sauce,Survey (FNDDS),soy sauce,10.22,7.25,8.17,141.0
2710246,"Soy based sauce, for use with vegetables",Survey (FNDDS),soy sauce,1.65,0.15,20.07,89.0
2706536,Chicken or turkey and noodles with soy-based sauce,Survey (FNDDS),soy sauce,11.61,9.02,7.6,157.0
2706542,Chicken or turkey and rice with soy-based sauce,Survey (FNDDS),soy sauce,11.97,9.21,8.01,162.0
2706751,Stir fried beef and vegetables in soy sauce,Survey (FNDDS),soy sauce,10.73,4.81,4.44,102.0
172369,"Margarine, industrial, soy and partially hydrogenated soy oil, use for baking, sauces and candy",SR Legacy,soy sauce,0.18,80.0,0.71,714.0
174070,"Sauce, peanut, made from peanut butter, water, soy sauce",SR Legacy,soy sauce,6.31,16.0,22.0,1080.0
2709109,"Rice, brown, with soy-based sauce, fat added",Survey (FNDDS),soy sauce,2.14,2.42,20.58,114.0
2709108,"Rice, brown, with soy-based sauce, no added fat",Survey (FNDDS),soy sauce,2.17,0.77,20.92,100.0
2709107,"Rice, brown, with soy-based sauce, NS as to fat",Survey (FNDDS),soy sauce,2.14,2.42,20.58,114.0
2709100,"Rice, white, with soy-based sauce, fat added",Survey (FNDDS),soy sauce,2.01,2.19,21.5,117.0
2709099,"Rice, white, with soy-based sauce, no added fat",Survey (FNDDS),soy sauce,2.05,0.28,21.92,101.0
2709098,"Rice, white, with soy-based sauce, NS as to fat",Survey (FNDDS),soy sauce,2.01,2.19,21.5,117.0
2707434,Soy chips,Survey (FNDDS),soy sauce,26.5,7.35,53.15,385.0
174279,Soy sauce made from hydrolyzed vegetable protein,SR Legacy,soy sauce,7.0,0.51,7.84,60.0
2707790,"Bread, soy",Survey (FNDDS),soy sauce,16.4,3.84,41.95,267.0
2707433,Soy nuts,Survey (FNDDS),soy sauce,38.55,25.4,30.22,469.0
2709127,"Rice, brown, with vegetables, soy-based sauce, fat added",Survey (FNDDS),soy sauce,2.27,2.02,19.24,105.0
2709126,"Rice, brown, with vegetables, soy-based sauce, no added fat",Survey (FNDDS),soy sauce,2.3,0.66,19.51,94.0
2709125,"Rice, brown, with vegetables, soy-based sauce, NS as to fat",Survey (FNDDS),soy sauce,2.27,2.02,19.24,105.0
2709118,"Rice, white, with vegetables, soy-based sauce, fat added",Survey (FNDDS),soy sauce,2.18,1.79,19.82,106.0
2709117,"Rice, white, with vegetables, soy-based sauce, no added fat",Survey (FNDDS),soy sauce,2.22,0.26,20.13,94.0
2709116,"Rice, white, with vegetables, soy-based sauce, NS as to fat",Survey (FNDDS),soy sauce,2.18,1.79,19.82,106.0
2707115,"Chicken in soy-based sauce, rice and vegetables, frozen meal",Survey (FNDDS),soy sauce,6.56,0.91,18.06,109.0
2707791,"Bread, soy, toasted",Survey (FNDDS),soy sauce,18.02,4.22,46.1,293.0
1104705,"Flour, soy, defatted",Foundation,soy sauce,51.1,3.33,32.9,1530.0
174275,"Soy flour, defatted",SR Legacy,soy sauce,51.5,1.22,33.9,1370.0
2705406,"Soy milk, chocolate",Survey (FNDDS),soy sauce,3.35,2.03,8.32,64.0
2705404,"Soy milk, sweetened",Survey (FNDDS),soy sauce,3.41,2.05,5.22,53.0
2707445,Teriyaki sauce,Survey (FNDDS),teriyaki sauce,5.93,0.02,15.56,89.0
2132885,TERIYAKI SAUCE,Branded,teriyaki sauce,0.0,0.0,33.3,139.0
1909859,TERIYAKI SAUCE,Branded,teriyaki sauce,0.0,0.0,46.7,200.0
2116572,TERIYAKI SAUCE,Branded,teriyaki sauce,0.0,0.0,23.5,88.0
2092605,TERIYAKI SAUCE,Branded,teriyaki sauce,5.88,0.0,29.4,176.0
2084072,TERIYAKI SAUCE,Branded,teriyaki sauce,6.67,0.0,60.0,300.0
2542297,TERIYAKI SAUCE,Branded,teriyaki sauce,0.0,0.0,20.0,100.0
581760,TERIYAKI SAUCE,Branded,teriyaki sauce,3.03,0.0,39.4,182.0
2069078,TERIYAKI SAUCE,Branded,teriyaki sauce,0.0,3.33,40.0,200.0
1949822,TERIYAKI SAUCE,Branded,teriyaki sauce,0.0,0.0,26.7,133.0
2008378,TERIYAKI SAUCE,Branded,teriyaki sauce,5.88,0.0,11.8,88.0
718146,TERIYAKI SAUCE,Branded,teriyaki sauce,0.0,0.0,29.4,147.0
2707446,"Teriyaki sauce, reduced sodium",Survey (FNDDS),teriyaki sauce,5.93,0.02,15.58,89.0
171167,"Sauce, teriyaki, ready-to-serve",SR Legacy,teriyaki sauce,5.93,0.02,15.6,371.0
172890,"Sauce, teriyaki, ready-to-serve, reduced sodium",SR Legacy,teriyaki sauce,5.93,0.02,15.6,372.0
2706462,Shrimp teriyaki,Survey (FNDDS),teriyaki sauce,21.62,1.56,3.34,120.0
2706387,Steak teriyaki,Survey (FNDDS),teriyaki sauce,28.86,8.25,1.94,198.0
2706433,Chicken or turkey with teriyaki,Survey (FNDDS),teriyaki sauce,25.73,5.96,1.62,163.0
2707109,"Teriyaki chicken with rice and vegetable, diet frozen meal",Survey (FNDDS),teriyaki sauce,5.65,1.56,22.46,126.0
167910,"HORMEL ALWAYS TENDER, Pork Tenderloin, Teriyaki-Flavored",SR Legacy,teriyaki sauce,18.2,3.07,4.63,119.0
2603329,"TERIYAKI SAUCE, TERIYAKI",Branded,teriyaki sauce,0.0,0.0,46.7,200.0
2247819,"TERIYAKI SAUCE, TERIYAKI",Branded,teriyaki sauce,0.0,0.0,6.67,67.0
2449308,"TERIYAKI SAUCE, TERIYAKI",Branded,teriyaki sauce,2.86,8.57,28.6,200.0
2573887,"TERIYAKI SAUCE, TERIYAKI",Branded,teriyaki sauce,5.56,0.0,27.8,139.0
2025725,"TERIYAKI SAUCE, TERIYAKI",Branded,teriyaki sauce,6.67,0.0,20.0,100.0
2592987,"TERIYAKI SAUCE, TERIYAKI",Branded,teriyaki sauce,2.8,0.0,52.0,220.0
2495038,"TERIYAKI SAUCE, TERIYAKI",Branded,teriyaki sauce,6.67,0.0,13.3,67.0
2113067,"TERIYAKI SAUCE, TERIYAKI",Branded,teriyaki sauce,6.67,0.0,13.3,100.0
2193090,"TERIYAKI SAUCE, TERIYAKI",Branded,teriyaki sauce,2.94,5.88,32.4,206.0
2454640,"TERIYAKI SAUCE, TERIYAKI",Branded,teriyaki sauce,3.33,0.0,33.3,150.0
2160518,"TERIYAKI SAUCE, TERIYAKI",Branded,teriyaki sauce,0.0,0.0,15.6,62.0
2086562,"TERIYAKI SAUCE, TERIYAKI",Branded,teriyaki sauce,3.03,3.03,24.2,136.0
2676519,"TERIYAKI SAUCE, TERIYAKI",Branded,teriyaki sauce,3.7,0.0,33.3,148.0
2082697,"TERIYAKI SAUCE, TERIYAKI",Branded,teriyaki sauce,6.67,0.0,33.3,167.0
2412974,"TERIYAKI SAUCE, TERIYAKI",Branded,teriyaki sauce,6.67,0.0,13.3,67.0
2637109,"CHICKEN WITH TERIYAKI SAUCE, TERIYAKI SAUCE",Branded,teriyaki sauce,7.06,2.06,26.2,153.0
2653983,"TERIYAKI SAUCE MARINADE, TERIYAKI SAUCE",Branded,teriyaki sauce,6.67,0.0,46.7,233.0
2706475,"Beef and potatoes with cream sauce, white sauce or mushroom sauce",Survey (FNDDS),teriyaki sauce,8.04,3.79,8.66,100.0
171584,"Sauce, cheese sauce mix, dry",SR Legacy,teriyaki sauce,7.68,18.3,60.5,438.0
1938356,"TERIYAKI MARINADE AND SAUCE, TERIYAKI",Branded,teriyaki sauce,6.67,0.0,13.3,67.0
2705809,Alfredo sauce,Survey (FNDDS),teriyaki sauce,2.12,15.0,1.77,150.0
2709750,Barbecue sauce,Survey (FNDDS),teriyaki sauce,0.82,0.63,40.77,172.0
2709740,Taco sauce,Survey (FNDDS),teriyaki sauce,1.16,0.68,0.72,11.0
2043923,"MARINADE & SAUCE, TERIYAKI, TERIYAKI",Branded,teriyaki sauce,0.0,0.0,33.3,133.0
2542984,"ORGANIC TERIYAKI SAUCE, TERIYAKI",Branded,teriyaki sauce,0.0,0.0,29.4,147.0
1953506,"PREMIUM TERIYAKI SAUCE, TERIYAKI",Branded,teriyaki sauce,0.0,0.0,44.4,167.0
2164539,"TERIYAKI LEGENDARY SAUCE, TERIYAKI",Branded,teriyaki sauce,0.0,0.0,46.7,200.0
2366932,"TERIYAKI MARINADE & SAUCE, TERIYAKI",Branded,teriyaki sauce,6.67,6.67,20.0,167.0
2084114,"TERIYAKI MARINADE & SAUCE, TERIYAKI",Branded,teriyaki sauce,6.67,0.0,13.3,100.0
2576808,"TERIYAKI MARINADE & SAUCE, TERIYAKI",Branded,teriyaki sauce,6.67,0.0,13.3,100.0
2240854,"TERIYAKI MARINADE & SAUCE, TERIYAKI",Branded,teriyaki sauce,0.0,0.0,60.0,300.0
2121971,"TERIYAKI MARINADE & SAUCE, TERIYAKI",Branded,teriyaki sauce,0.0,0.0,60.0,267.0
2601523,"TERIYAKI MARINADE & SAUCE, TERIYAKI",Branded,teriyaki sauce,0.0,0.0,53.3,233.0
2154419,"TERIYAKI MARINADE & SAUCE, TERIYAKI",Branded,teriyaki sauce,0.0,0.0,60.0,267.0
2280759,"TERIYAKI MARINADE & SAUCE, TERIYAKI",Branded,teriyaki sauce,6.67,0.0,20.0,100.0
2631010,"TERIYAKI MARINADE & SAUCE, TERIYAKI",Branded,teriyaki sauce,0.0,0.0,33.3,267.0
2524241,"TERIYAKI MARINADE AND SAUCE, TERIYAKI",Branded,teriyaki sauce,6.67,0.0,20.0,100.0
1998959,"TERIYAKI PIPPIN' SAUCE, TERIYAKI",Branded,teriyaki sauce,2.78,0.0,44.4,194.0
2655087,"TERIYAKI SAUCE & GLAZE, TERIYAKI",Branded,teriyaki sauce,0.0,0.0,35.3,147.0
2160517,"TERIYAKI SAUCE & MARINADE, TERIYAKI",Branded,teriyaki sauce,0.0,0.0,12.5,94.0
1027947,"TERIYAKI SAUCE & MARINADE, TERIYAKI",Branded,teriyaki sauce,0.0,0.0,13.3,100.0
2190876,"TERIYAKI SAUCE & MARINADE, TERIYAKI",Branded,teriyaki sauce,6.67,0.0,20.0,100.0
2415643,"TERIYAKI SAUCE & MARINADE, TERIYAKI",Branded,teriyaki sauce,6.67,0.0,20.0,100.0
2090731,"THE AUTHENTIC! TERIYAKI SAUCE, TERIYAKI",Branded,teriyaki sauce,2.56,0.0,59.0,256.0
2710298,Duck sauce,Survey (FNDDS),teriyaki sauce,0.36,0.13,60.66,245.0
2706457,Fish sauce,Survey (FNDDS),teriyaki sauce,5.06,0.01,3.64,35.0
173339,"Rice bowl with chicken, frozen entree, prepared (includes fried, teriyaki, and sweet and sour varieties)",SR Legacy,teriyaki sauce,5.65,1.56,22.5,126.0
2709751,Buffalo sauce,Survey (FNDDS),teriyaki sauce,1.21,0.71,0.75,11.0
2705808,Cheese sauce,Survey (FNDDS),teriyaki sauce,3.14,13.27,7.86,163.0
2709753,Cocktail sauce,Survey (FNDDS),teriyaki sauce,1.36,1.05,28.22,128.0
2130201,MARINARA SAUCE,Branded,marinara sauce,1.67,2.5,6.67,50.0
2009582,MARINARA SAUCE,Branded,marinara sauce,1.67,3.33,4.17,58.0
2434057,MARINARA SAUCE,Branded,marinara sauce,1.61,2.42,9.68,65.0
2604814,MARINARA SAUCE,Branded,marinara sauce,0.88,6.19,5.31,80.0
2064831,MARINARA SAUCE,Branded,marinara sauce,1.6,4.8,7.2,74.0
2015449,MARINARA SAUCE,Branded,marinara sauce,0.8,3.2,4.8,48.0
1896400,MARINARA SAUCE,Branded,marinara sauce,1.6,2.4,6.4,48.0
2065241,MARINARA SAUCE,Branded,marinara sauce,1.6,4.0,7.2,72.0
2090431,MARINARA SAUCE,Branded,marinara sauce,0.88,2.65,8.85,53.0
2066566,MARINARA SAUCE,Branded,marinara sauce,1.6,2.8,8.8,64.0
1759868,MARINARA SAUCE,Branded,marinara sauce,0.8,2.4,5.6,40.0
2026806,MARINARA SAUCE,Branded,marinara sauce,1.64,3.28,8.2,66.0
1851589,MARINARA SAUCE,Branded,marinara sauce,0.83,1.67,8.33,58.0
1937432,MARINARA SAUCE,Branded,marinara sauce,2.65,1.77,9.73,71.0
1938584,MARINARA SAUCE,Branded,marinara sauce,1.6,2.0,6.4,48.0
1859946,MARINARA SAUCE,Branded,marinara sauce,2.44,2.44,10.6,65.0
2603273,MARINARA SAUCE,Branded,marinara sauce,1.6,5.6,4.8,80.0
1893604,MARINARA SAUCE,Branded,marinara sauce,1.6,1.2,10.4,56.0
2607775,MARINARA SAUCE,Branded,marinara sauce,1.6,2.4,4.8,40.0
2021465,MARINARA SAUCE,Branded,marinara sauce,1.6,1.2,7.2,40.0
2652904,MARINARA SAUCE,Branded,marinara sauce,1.61,1.21,7.26,40.0
2020416,MARINARA SAUCE,Branded,marinara sauce,0.88,0.88,6.19,35.0
1896300,MARINARA SAUCE,Branded,marinara sauce,0.81,0.81,4.84,32.0
2287453,MARINARA SAUCE,Branded,marinara sauce,2.65,1.77,9.73,71.0
2678588,MARINARA SAUCE,Branded,marinara sauce,16.5,1.76,5.88,106.0
2597295,MARINARA SAUCE,Branded,marinara sauce,0.88,3.54,5.31,62.0
2009560,MARINARA SAUCE,Branded,marinara sauce,1.6,1.2,7.2,40.0
2435485,MARINARA SAUCE,Branded,marinara sauce,0.88,3.98,4.42,53.0
1802697,MARINARA SAUCE,Branded,marinara sauce,1.56,1.56,10.2,62.0
1913613,MARINARA SAUCE,Branded,marinara sauce,2.27,3.79,6.06,61.0
1862601,MARINARA SAUCE,Branded,marinara sauce,0.8,8.8,4.8,96.0
2074212,MARINARA SAUCE,Branded,marinara sauce,1.77,3.54,7.08,71.0
2431022,MARINARA SAUCE,Branded,marinara sauce,0.88,0.88,7.08,40.0
2626108,MARINARA SAUCE,Branded,marinara sauce,0.8,3.6,5.6,56.0
1896303,MARINARA SAUCE,Branded,marinara sauce,0.81,0.81,4.84,32.0
956975,MARINARA SAUCE,Branded,marinara sauce,1.6,3.6,5.6,56.0
1903798,MARINARA SAUCE,Branded,marinara sauce,0.8,1.2,6.4,40.0
1805884,MARINARA SAUCE,Branded,marinara sauce,0.8,3.6,5.6,56.0
2597304,MARINARA SAUCE,Branded,marinara sauce,0.88,3.1,5.31,62.0
2435502,MARINARA SAUCE,Branded,marinara sauce,1.67,4.17,5.0,67.0
2664670,MARINARA SAUCE,Branded,marinara sauce,0.83,1.67,5.0,38.0
2265676,MARINARA SAUCE,Branded,marinara sauce,1.6,1.2,7.2,40.0
2567722,MARINARA SAUCE,Branded,marinara sauce,0.8,1.6,8.0,48.0
1895108,MARINARA SAUCE,Branded,marinara sauce,2.4,0.0,11.2,48.0
1894477,MARINARA SAUCE,Branded,marinara sauce,0.88,2.2,4.41,40.0
2065960,MARINARA SAUCE,Branded,marinara sauce,1.77,3.54,5.31,62.0
2579034,MARINARA SAUCE,Branded,marinara sauce,0.88,4.42,6.19,71.0
1902621,MARINARA SAUCE,Branded,marinara sauce,0.8,1.2,7.2,40.0
2074042,MARINARA SAUCE,Branded,marinara sauce,0.89,0.89,6.25,40.0
2677297,MARINARA SAUCE,Branded,marinara sauce,0.8,3.6,8.8,72.0
2455998,MARINARA SAUCE,Branded,marinara sauce,0.83,1.67,8.33,58.0
2597294,MARINARA SAUCE,Branded,marinara sauce,0.88,3.54,5.31,62.0
1862134,MARINARA SAUCE,Branded,marinara sauce,0.0,0.41,4.07,28.0
2611275,MARINARA SAUCE,Branded,marinara sauce,1.6,3.2,4.8,56.0
1954182,MARINARA SAUCE,Branded,marinara sauce,0.88,3.1,3.54,53.0
2015479,MARINARA SAUCE,Branded,marinara sauce,1.6,1.6,7.2,48.0
2624526,MARINARA SAUCE,Branded,marinara sauce,0.88,6.19,5.31,80.0
2607777,MARINARA SAUCE,Branded,marinara sauce,1.6,2.4,4.8,40.0
2095196,MARINARA SAUCE,Branded,marinara sauce,2.65,4.42,8.85,85.0
169037,"OLIVE GARDEN, cheese ravioli with marinara sauce",SR Legacy,marinara sauce,7.44,5.61,19.6,664.0
169038,"Restaurant, Italian, cheese ravioli with marinara sauce",SR Legacy,marinara sauce,7.07,5.7,18.5,154.0
169036,"CARRABBA'S ITALIAN GRILL, cheese ravioli with marinara sauce",SR Legacy,marinara sauce,7.96,6.0,17.6,156.0
171597,"Sauce, pasta, spaghetti/marinara, ready-to-serve, low sodium",SR Legacy,marinara sauce,1.41,1.48,8.06,51.0
170708,"SUBWAY, meatball marinara sub on white bread (no toppings)",SR Legacy,marinara sauce,9.77,8.45,26.0,917.0
2074180,"MARINARA SAUCE, MARINARA",Branded,marinara sauce,0.8,2.4,5.6,48.0
2375750,"MARINARA SAUCE, MARINARA",Branded,marinara sauce,0.8,4.0,6.4,64.0
2125390,"MARINARA SAUCE, MARINARA",Branded,marinara sauce,0.8,3.6,5.6,56.0
2664454,"MARINARA SAUCE, MARINARA",Branded,marinara sauce,1.6,2.0,6.4,48.0
2297206,"MARINARA SAUCE, MARINARA",Branded,marinara sauce,1.6,2.0,8.8,64.0
2625687,"MARINARA SAUCE, MARINARA",Branded,marinara sauce,0.8,3.2,7.2,56.0
2667296,"MARINARA SAUCE, MARINARA",Branded,marinara sauce,1.6,5.6,4.8,80.0
2620864,"MARINARA SAUCE, MARINARA",Branded,marinara sauce,1.6,2.0,6.4,48.0
2710175,Pesto sauce,Survey (FNDDS),pesto,8.61,59.17,5.67,580.0
171582,"Sauce, pesto, CLASSICO, basil pesto, ready-to-serve",SR Legacy,pesto,4.16,36.4,6.93,372.0
171581,"Sauce, pesto, BUITONI, pesto with basil, ready-to-serve, refrigerated",SR Legacy,pesto,9.83,37.6,10.1,1750.0
171579,"Sauce, pesto, ready-to-serve, refrigerated",SR Legacy,pesto,9.83,37.6,10.1,1750.0
171580,"Sauce, pesto, ready-to-serve, shelf stable",SR Legacy,pesto,5.0,42.4,6.14,426.0
2708862,"Pasta with cream sauce and meat, home recipe",Survey (FNDDS),pesto,6.14,7.87,16.69,164.0
2708861,"Pasta with cream sauce and meat, restaurant",Survey (FNDDS),pesto,5.67,14.1,15.41,213.0
2708868,"Pasta with cream sauce and poultry, home recipe",Survey (FNDDS),pesto,6.32,7.03,16.69,157.0
2708867,"Pasta with cream sauce and poultry, restaurant",Survey (FNDDS),pesto,5.83,13.33,15.41,206.0
2708859,"Pasta with cream sauce and added vegetables, from home recipe",Survey (FNDDS),pesto,4.0,6.04,17.27,141.0
2708856,"Pasta with cream sauce, home recipe",Survey (FNDDS),pesto,4.03,7.7,16.85,154.0
2708855,"Pasta with cream sauce, restaurant",Survey (FNDDS),pesto,3.72,13.95,15.56,204.0
2708874,"Pasta with cream sauce and seafood, home recipe",Survey (FNDDS),pesto,5.86,6.48,16.96,152.0
2708873,"Pasta with cream sauce and seafood, restaurant",Survey (FNDDS),pesto,5.4,12.82,15.66,202.0
2708910,"Pasta, whole grain, with cream sauce and meat, home recipe",Survey (FNDDS),pesto,6.24,8.27,16.28,160.0
2708909,"Pasta, whole grain, with cream sauce and meat, restaurant",Survey (FNDDS),pesto,5.76,14.48,15.03,209.0
2708916,"Pasta, whole grain, with cream sauce and poultry, home recipe",Survey (FNDDS),pesto,6.42,7.44,16.28,152.0
2708915,"Pasta, whole grain, with cream sauce and poultry, restaurant",Survey (FNDDS),pesto,5.92,13.7,15.03,202.0
2708904,"Pasta, whole grain, with cream sauce, home recipe",Survey (FNDDS),pesto,4.13,8.11,16.44,150.0
2708903,"Pasta, whole grain, with cream sauce, restaurant",Survey (FNDDS),pesto,3.81,14.32,15.18,200.0
2708858,"Pasta with cream sauce and added vegetables, restaurant",Survey (FNDDS),pesto,3.7,12.41,15.95,191.0
2708865,"Pasta with cream sauce, meat, and added vegetables, home recipe",Survey (FNDDS),pesto,6.12,6.52,17.04,153.0
2708864,"Pasta with cream sauce, meat, and added vegetables, restaurant",Survey (FNDDS),pesto,5.65,12.85,15.73,203.0
2708871,"Pasta with cream sauce, poultry, and added vegetables, home recipe",Survey (FNDDS),pesto,6.3,5.68,17.04,146.0
2708870,"Pasta with cream sauce, poultry, and added vegetables, restaurant",Survey (FNDDS),pesto,5.81,12.08,15.73,196.0
2708922,"Pasta, whole grain, with cream sauce and seafood, home recipe",Survey (FNDDS),pesto,5.95,6.89,16.55,147.0
2708921,"Pasta, whole grain, with cream sauce and seafood, restaurant",Survey (FNDDS),pesto,5.5,13.2,15.28,197.0
2708869,"Pasta with cream sauce and poultry, ready-to-heat",Survey (FNDDS),pesto,6.18,8.69,16.33,170.0
2708877,"Pasta with cream sauce, seafood, and added vegetables, home recipe",Survey (FNDDS),pesto,5.83,5.13,17.3,141.0
2708876,"Pasta with cream sauce, seafood, and added vegetables, restaurant",Survey (FNDDS),pesto,5.38,11.57,15.97,191.0
2708906,"Pasta, whole grain, with cream sauce, and added vegetables, restaurant",Survey (FNDDS),pesto,3.79,12.79,15.57,187.0
2708913,"Pasta, whole grain, with cream sauce, meat, and added vegetables, home recipe",Survey (FNDDS),pesto,6.22,6.92,16.63,149.0
2708912,"Pasta, whole grain, with cream sauce, meat, and added vegetables, restaurant",Survey (FNDDS),pesto,5.74,13.23,15.35,199.0
2708919,"Pasta, whole grain, with cream sauce, poultry, and added vegetables, home recipe",Survey (FNDDS),pesto,6.39,6.08,16.63,141.0
2708918,"Pasta, whole grain, with cream sauce, poultry, and added vegetables, restaurant",Survey (FNDDS),pesto,5.9,12.45,15.35,192.0
2708857,"Pasta with cream sauce, ready-to-heat",Survey (FNDDS),pesto,3.94,9.35,16.49,167.0
2708863,"Pasta with cream sauce and meat, ready-to-heat",Survey (FNDDS),pesto,6.01,9.51,16.33,177.0
2708875,"Pasta with cream sauce and seafood, ready-to-heat",Survey (FNDDS),pesto,5.73,8.15,16.59,165.0
2708878,"Pasta with cream sauce, seafood, and added vegetables, ready-to-heat",Survey (FNDDS),pesto,5.71,6.83,16.93,154.0
2708911,"Pasta, whole grain, with cream sauce and meat, ready-to-heat",Survey (FNDDS),pesto,6.11,9.9,15.93,172.0
2708917,"Pasta, whole grain, with cream sauce and poultry, ready-to-heat",Survey (FNDDS),pesto,6.28,9.09,15.93,165.0
2708905,"Pasta, whole grain, with cream sauce, ready-to-heat",Survey (FNDDS),pesto,4.04,9.74,16.09,163.0
2708925,"Pasta, whole grain, with cream sauce, seafood, and added vegetables, home recipe",Survey (FNDDS),pesto,5.93,5.54,16.89,136.0
2708924,"Pasta, whole grain, with cream sauce, seafood, and added vegetables, restaurant",Survey (FNDDS),pesto,5.48,11.95,15.59,187.0
2708860,"Pasta with cream sauce and added vegetables, ready-to-heat",Survey (FNDDS),pesto,3.92,7.72,16.9,154.0
2708866,"Pasta with cream sauce, meat, and added vegetables, ready-to-heat",Survey (FNDDS),pesto,5.99,8.19,16.67,166.0
2708872,"Pasta with cream sauce, poultry, and added vegetables, ready-to-heat",Survey (FNDDS),pesto,6.16,7.37,16.67,159.0
2708923,"Pasta, whole grain, with cream sauce and seafood, ready-to-heat",Survey (FNDDS),pesto,5.82,8.55,16.19,160.0
2708908,"Pasta, whole grain, with cream sauce, and added vegetables, ready-to-heat",Survey (FNDDS),pesto,4.01,8.12,16.5,149.0
2374528,SALSA,Branded,salsa,0.0,3.57,7.14,54.0
1909593,SALSA,Branded,salsa,2.94,8.82,8.82,118.0
2442664,SALSA,Branded,salsa,0.0,0.0,21.4,89.0
1894728,SALSA,Branded,salsa,0.0,6.67,6.67,67.0
1894754,SALSA,Branded,salsa,1.82,0.0,5.45,27.0
1895699,SALSA,Branded,salsa,0.0,0.0,9.68,48.0
2085620,SALSA,Branded,salsa,0.0,46.7,6.67,433.0
2436513,SALSA,Branded,salsa,3.23,8.06,9.68,129.0
2069080,SALSA,Branded,salsa,0.0,0.0,6.67,33.0
2550807,SALSA,Branded,salsa,0.0,0.0,7.14,36.0
2554532,SALSA,Branded,salsa,3.33,0.0,6.67,33.0
1853465,SALSA,Branded,salsa,0.0,0.0,6.67,33.0
468084,SALSA,Branded,salsa,0.0,0.0,6.67,33.0
2064411,SALSA,Branded,salsa,14.3,7.14,18.9,86.0
1895702,SALSA,Branded,salsa,0.0,0.0,9.68,48.0
2068606,SALSA,Branded,salsa,0.0,0.0,6.9,34.0
2398861,SALSA,Branded,salsa,3.23,4.84,6.45,81.0
505066,SALSA,Branded,salsa,0.0,0.0,6.06,30.0
2031009,SALSA,Branded,salsa,0.0,0.0,10.0,33.0
2440567,SALSA,Branded,salsa,2.86,0.0,5.71,29.0
2026298,SALSA,Branded,salsa,0.0,0.0,6.67,33.0
2194609,SALSA,Branded,salsa,3.12,0.0,9.38,47.0
2064051,SALSA,Branded,salsa,0.0,17.9,10.7,214.0
2441475,SALSA,Branded,salsa,3.57,3.57,3.57,54.0
1896444,SALSA,Branded,salsa,0.0,0.0,3.57,18.0
1895693,SALSA,Branded,salsa,0.0,0.0,9.68,48.0
2068047,SALSA,Branded,salsa,3.12,0.0,6.25,47.0
2069067,SALSA,Branded,salsa,0.0,0.0,6.67,33.0
2027116,SALSA,Branded,salsa,0.0,0.0,6.67,33.0
2455733,SALSA,Branded,salsa,0.0,0.0,6.45,23.0
2074259,SALSA,Branded,salsa,0.0,0.0,3.12,16.0
2076864,SALSA,Branded,salsa,0.0,0.0,3.0,10.0
1895625,SALSA,Branded,salsa,0.0,0.0,3.33,17.0
1894812,SALSA,Branded,salsa,0.0,0.0,10.0,50.0
1799703,SALSA,Branded,salsa,0.0,0.0,5.88,29.0
2008020,SALSA,Branded,salsa,0.0,0.0,6.67,33.0
468082,SALSA,Branded,salsa,0.0,0.0,13.3,67.0
1859976,SALSA,Branded,salsa,0.0,0.0,3.23,16.0
2114266,SALSA,Branded,salsa,0.0,0.0,7.14,36.0
2066620,SALSA,Branded,salsa,1.64,0.0,6.56,33.0
2709743,"Salsa verde or salsa, green",Survey (FNDDS),salsa,1.13,0.89,6.36,38.0
2709736,"Salsa, NFS",Survey (FNDDS),salsa,1.44,0.19,6.74,34.0
2709738,"Salsa, red",Survey (FNDDS),salsa,1.44,0.19,6.74,34.0
2709739,"Salsa, red, homemade",Survey (FNDDS),salsa,1.44,0.19,6.74,34.0
174068,"Dip, salsa con queso, cheese and salsa- medium",SR Legacy,salsa,3.14,9.51,11.1,143.0
2709737,"Salsa, pico de gallo",Survey (FNDDS),salsa,0.71,0.14,3.7,17.0
746777,"Sauce, salsa, ready-to-serve",Foundation,salsa,1.44,0.19,6.74,29.0
174524,"Sauce, salsa, ready-to-serve",SR Legacy,salsa,1.52,0.17,6.64,29.0
171824,"Sauce, salsa, verde, ready-to-serve",SR Legacy,salsa,1.13,0.89,6.36,38.0
174069,"Dip, TOSTITOS, salsa con queso, medium",SR Legacy,salsa,2.92,8.26,11.7,556.0
2709489,"Potato skins, with cheese",Survey (FNDDS),salsa,6.07,12.4,16.34,199.0
2709490,"Potato skins, with cheese and bacon",Survey (FNDDS),salsa,7.64,13.68,15.52,215.0
2709755,Puerto Rican seasoning without ham and tomato sauce,Survey (FNDDS),salsa,1.02,10.79,6.89,127.0
2706823,"Chicken or turkey fricassee, no sauce, no potatoes, Puerto Rican style",Survey (FNDDS),salsa,25.15,11.01,0.0,200.0
2706822,"Chicken or turkey fricassee, with sauce, no potatoes, potatoes reported separately, Puerto Rican style",Survey (FNDDS),salsa,14.0,13.12,2.54,183.0
2705846,"Beef, cow head",Survey (FNDDS),salsa,25.9,16.46,0.0,257.0
2280947,"SALSA VERDE SALSA, SALSA VERDE",Branded,salsa,0.0,1.67,10.0,83.0
2069745,"CHUCK'S SALSA, SALSA",Branded,salsa,0.0,0.0,10.0,50.0
2014068,"MEDIUM SALSA, SALSA",Branded,salsa,0.0,0.0,9.68,48.0
2420912,"SALSA PICANTE, SALSA",Branded,salsa,0.0,0.0,0.0,0.0
1893693,"SALSA! SALSA!, MEDIUM",Branded,salsa,0.0,0.0,6.9,34.0
1893688,"SALSA! SALSA!, MILD",Branded,salsa,0.0,0.0,6.9,17.0
393717,"SALSA FUSION, SALSA, BBQ",Branded,salsa,3.33,0.0,6.67,33.0
2162991,SALSAS,Branded,salsa,0.0,0.0,7.14,36.0
2604276,MILD SALSA VERDE SALSA,Branded,salsa,0.0,0.0,6.45,32.0
1913535,RESTAURANT STYLE SALSA! SALSA!,Branded,salsa,0.0,0.0,6.9,34.0
2107456,"SALSA MANGO, MILD SALSA",Branded,salsa,0.0,0.0,10.7,36.0
2412854,"SALSA ORGANIC VERDE, SALSA",Branded,salsa,0.0,3.33,6.67,50.0
1949148,"MANGO SALSA CLASSIC CHUNKY SALSA, MANGO SALSA",Branded,salsa,0.83,0.0,11.7,50.0
2185978,"MEDIUM SALSA VERDE SALSA, MEDIUM SALSA VERDE",Branded,salsa,0.0,1.67,16.7,83.0
2632753,"SALSA RANCHERO SPECIALTY SERIES SALSA, SALSA RANCHERO",Branded,salsa,0.0,1.56,3.12,31.0
2510585,"SALSA VIVA FERMENTED SALSA KRAUT, SALSA VIVA",Branded,salsa,0.0,0.0,7.14,25.0
2709744,Hot Thai sauce,Survey (FNDDS),hot sauce,1.03,0.66,16.58,74.0
171186,"Sauce, hot chile, sriracha",SR Legacy,hot sauce,1.93,0.93,19.2,93.0
174527,"Sauce, ready-to-serve, pepper or hot",SR Legacy,hot sauce,0.51,0.37,1.75,11.0
2706410,Frankfurters or hot dogs with tomato-based sauce,Survey (FNDDS),hot sauce,8.52,19.61,3.6,223.0
2706073,"Chicken ""wings"" with hot sauce, from precooked",Survey (FNDDS),hot sauce,17.57,19.48,2.5,254.0
2706076,"Chicken ""wings"" with hot sauce, from other sources",Survey (FNDDS),hot sauce,17.02,19.98,5.08,267.0
171605,"Sauce, chili, peppers, hot, immature green, canned",SR Legacy,hot sauce,0.7,0.1,5.0,84.0
171187,"Sauce, hot chile, sriracha, CHA! BY TEXAS PETE",SR Legacy,hot sauce,2.02,0.98,22.7,451.0
171188,"Sauce, hot chile, sriracha, TUONG OT SRIRACHA",SR Legacy,hot sauce,1.86,0.9,15.9,79.0
171604,"Sauce, peppers, hot, chili, mature red, canned",SR Legacy,hot sauce,0.9,0.6,3.9,21.0
2706070,"Chicken ""wings"" with hot sauce, from fast food / restaurant",Survey (FNDDS),hot sauce,16.78,20.2,6.18,272.0
2706080,"Chicken ""wings"", boneless, with hot sauce, from other sources",Survey (FNDDS),hot sauce,11.39,11.82,19.98,232.0
2706079,"Chicken ""wings"", boneless, with hot sauce, from fast food / restaurant",Survey (FNDDS),hot sauce,12.36,16.87,20.03,282.0
2706167,"Hot dog, beef",Survey (FNDDS),hot sauce,11.7,28.0,2.89,310.0
2706166,"Hot dog, NFS",Survey (FNDDS),hot sauce,11.7,28.0,2.89,310.0
2706170,"Hot dog, turkey",Survey (FNDDS),hot sauce,12.23,17.29,3.81,223.0
2707470,"Hot dog, vegetarian",Survey (FNDDS),hot sauce,19.61,13.73,7.7,233.0
2710686,"Rum, hot buttered",Survey (FNDDS),hot sauce,0.08,4.47,4.95,160.0
2707136,"Soup, hot and sour",Survey (FNDDS),hot sauce,2.58,1.21,4.35,39.0
2710505,"Tea, hot, chamomile",Survey (FNDDS),hot sauce,0.0,0.0,0.2,1.0
2710502,"Tea, hot, herbal",Survey (FNDDS),hot sauce,0.0,0.0,0.2,1.0
